Pair,L1,a1,b1,L2,a2,b2,DV,DV normF1,DECIEDE2000
1.1,44.55673242422589,-31.310796375143724,-32.7788731802628,46.852238466462346,-32.44581552654161,-32.922479525146706,2.12969,2.33357624601536,2.24542378704788
1.2,44.55673242422589,-31.310796375143724,-32.7788731802628,49.09338240098472,-32.89156552620898,-37.24085939074111,3.3096,3.62644513699761,4.70461419866853
1.3,44.55673242422589,-31.310796375143724,-32.7788731802628,43.577606529439024,-30.9138698095264,-32.72645114405872,0.664971,0.728632115420123,0.928604633220732
1.4,44.55673242422589,-31.310796375143724,-32.7788731802628,45.18024731698392,-30.445281105250437,-30.58929582177805,1.79593,1.96786367382406,1.03242463072446
1.5,44.55673242422589,-31.310796375143724,-32.7788731802628,39.18523465613319,-28.413694090102442,-35.944357832644094,2.92117,3.20082872275904,5.27779904743525
1.6,44.55673242422589,-31.310796375143724,-32.7788731802628,43.74133028740342,-30.46201827564876,-37.943968482284475,1.81564,1.98946061413414,2.30667779988554
1.7,44.55673242422589,-31.310796375143724,-32.7788731802628,46.530545021807754,-30.77395212099998,-35.01883695402863,2.46726,2.7034635692255,2.13745107532521
1.8,44.55673242422589,-31.310796375143724,-32.7788731802628,39.28074348904364,-27.535008968084,-35.714245547804325,2.90973,3.18829351235076,5.31131803252199
1.9,44.55673242422589,-31.310796375143724,-32.7788731802628,44.08341251879191,-28.15197103900202,-37.515572035663865,2.03242,2.22699408548969,2.70575801146398
1.10,44.55673242422589,-31.310796375143724,-32.7788731802628,53.78852591474555,-30.59395122334163,-31.41230451368049,4.21805,4.62186575722528,9.22640567375986
1.11,44.55673242422589,-31.310796375143724,-32.7788731802628,46.98367114562888,-33.135969953626585,-37.33825827730328,2.68277,2.93960545690811,2.857787329596
1.12,44.55673242422589,-31.310796375143724,-32.7788731802628,41.47874272682987,-29.0199466747908,-34.4979383731961,1.89256,2.07374456383738,3.15732455711985
1.13,44.55673242422589,-31.310796375143724,-32.7788731802628,46.81797578643379,-31.787152450414023,-33.695730158203595,1.25493,1.37507094385195,2.19217199733133
1.14,44.55673242422589,-31.310796375143724,-32.7788731802628,50.70124257294488,-31.401667670629074,-35.83435928903347,3.45645,3.78735384752701,6.16255369078465
1.15,44.55673242422589,-31.310796375143724,-32.7788731802628,41.37935565352716,-28.858637538573678,-38.752053708539414,2.02924,2.22350964763145,4.08980840368221
1.16,44.55673242422589,-31.310796375143724,-32.7788731802628,44.65730165844092,-31.471772960966206,-32.78887880917336,0.138589,0.151856842244187,0.116131391701609
1.17,44.55673242422589,-31.310796375143724,-32.7788731802628,44.437316063358544,-31.6921219499941,-33.59571612397727,0.418309,0.458355885548808,0.329139664005768
1.18,44.55673242422589,-31.310796375143724,-32.7788731802628,45.90284515880172,-30.979943716750086,-38.6178454161741,2.69676,2.95493479201404,2.6524358389437
1.19,44.55673242422589,-31.310796375143724,-32.7788731802628,46.8601399359612,-29.783546191118752,-36.57731526893082,2.7616,3.02598226079665,2.87595522128858
1.20,44.55673242422589,-31.310796375143724,-32.7788731802628,42.05408288733607,-29.020140528163207,-38.65707521343469,2.51558,2.75640949290804,3.6208200393378
1.21,44.55673242422589,-31.310796375143724,-32.7788731802628,36.357057839213994,-29.25565973133251,-27.604941216662414,4.15893,4.55708589364681,7.54579244027013
1.22,44.55673242422589,-31.310796375143724,-32.7788731802628,38.70960991641255,-27.202417393598687,-37.02706773631618,2.86459,3.13883202652647,5.98582259621383
1.23,44.55673242422589,-31.310796375143724,-32.7788731802628,42.6121824276193,-33.18711528315088,-36.95346918005211,1.51875,1.66414779786534,2.36529226304935
1.24,44.55673242422589,-31.310796375143724,-32.7788731802628,43.72820705414369,-34.05937870273992,-36.159450671030434,1.84933,2.02637593219839,1.59137669926146
1.25,44.55673242422589,-31.310796375143724,-32.7788731802628,45.00599530431713,-28.8183633743509,-38.09453152313851,2.18881,2.39835610959383,2.68723908661445
1.26,44.55673242422589,-31.310796375143724,-32.7788731802628,45.02975207960064,-31.30475771651747,-33.686053850954536,1.15639,1.26709719965333,0.5798394324044
1.27,44.55673242422589,-31.310796375143724,-32.7788731802628,48.97898254763628,-28.745432531098846,-29.3596681770389,3.75016,4.10918222593757,4.541204338536
1.28,44.55673242422589,-31.310796375143724,-32.7788731802628,41.00075000552075,-29.807941011050943,-30.704434498569732,2.75652,3.02041592610486,3.3691002588791
1.29,44.55673242422589,-31.310796375143724,-32.7788731802628,47.82108394072845,-32.32361774322337,-35.42448078280256,2.90655,3.18480907449251,3.29653748274718
1.30,44.55673242422589,-31.310796375143724,-32.7788731802628,39.575417112484864,-27.71165258646277,-38.41746475919895,2.60585,2.85532150720487,5.47809500761984
2.1,47.85810684183837,-38.116411435822506,-21.618119990958462,49.01716057201786,-34.02662234650877,-26.304346813595835,4.92065,5.39172929156614,3.55604832375764
2.2,47.85810684183837,-38.116411435822506,-21.618119990958462,50.30004892364444,-40.43991274857017,-22.519747891082798,3.83781,4.20522341407445,2.57571965193214
2.3,47.85810684183837,-38.116411435822506,-21.618119990958462,48.0489228533004,-45.08954201939555,-18.538056668729432,4.89382,5.36233071680616,3.63506246619885
2.4,47.85810684183837,-38.116411435822506,-21.618119990958462,53.40720719554146,-47.7445773773954,-15.812124726191001,6.82614,7.47964171122337,7.87084644707871
2.5,47.85810684183837,-38.116411435822506,-21.618119990958462,49.63408629097188,-47.44434583708668,-12.549210442446967,7.2042,7.8938953516915,7.26215297345387
2.6,47.85810684183837,-38.116411435822506,-21.618119990958462,48.38578959377395,-30.93947725080953,-31.00077127312275,5.87631,6.43887956943148,6.24819363278542
2.7,47.85810684183837,-38.116411435822506,-21.618119990958462,48.023546388014864,-38.74322799768565,-24.49476529998522,3.56593,3.90731493454614,1.35788111236025
2.8,47.85810684183837,-38.116411435822506,-21.618119990958462,46.644773298806875,-36.511392282941564,-27.13031610617285,5.24854,5.75100989827697,3.23450362899202
2.9,47.85810684183837,-38.116411435822506,-21.618119990958462,45.17051542273215,-34.07799292816002,-29.50439596534098,5.81564,6.37240131633091,5.35240006732857
2.10,47.85810684183837,-38.116411435822506,-21.618119990958462,43.244467321039146,-31.786909448639268,-31.67960087687096,6.49708,7.11907909435716,7.61795430653709
2.11,47.85810684183837,-38.116411435822506,-21.618119990958462,43.186598317710555,-33.93667809538775,-30.6328095022399,5.94749,6.51687399922708,6.8326781206199
2.12,47.85810684183837,-38.116411435822506,-21.618119990958462,40.880393334055356,-37.67842291094212,-24.978351979439715,5.45158,5.97348796832048,6.77435795881812
2.13,47.85810684183837,-38.116411435822506,-21.618119990958462,48.9259515445474,-34.882291697562074,-27.318936637084047,5.58343,6.11796065121664,3.68233274009976
2.14,47.85810684183837,-38.116411435822506,-21.618119990958462,52.597480889058815,-33.751485958863846,-27.481866602821615,6.4049,7.01807422587503,6.16260837501208
2.15,47.85810684183837,-38.116411435822506,-21.618119990958462,49.96097620859207,-34.47123132587179,-27.454318391382614,5.91715,6.48362939400091,4.25701386504166
2.16,47.85810684183837,-38.116411435822506,-21.618119990958462,46.84433500979726,-39.81798719021662,-22.342256266846295,1.45508,1.59438233923812,1.17195838831308
2.17,47.85810684183837,-38.116411435822506,-21.618119990958462,45.540919798106984,-32.03115402039458,-19.562053277704372,4.14236,4.53892956178796,3.25674915280664
2.18,47.85810684183837,-38.116411435822506,-21.618119990958462,48.00323072232695,-30.85498401666939,-20.307443261592596,4.31272,4.72559900629452,2.89279741842787
2.19,47.85810684183837,-38.116411435822506,-21.618119990958462,45.96253020041912,-29.52518840132129,-23.64772947797036,5.31389,5.82261619199911,4.58737987098548
2.20,47.85810684183837,-38.116411435822506,-21.618119990958462,44.521241082858,-32.88734603156435,-20.35333730195017,3.46441,3.79607589952438,3.79848353799726
2.21,47.85810684183837,-38.116411435822506,-21.618119990958462,42.550020931396986,-31.91696985167708,-22.345065717985978,4.84597,5.30989978865613,5.76185972611514
2.22,47.85810684183837,-38.116411435822506,-21.618119990958462,47.6186142790859,-41.049723935400905,-20.775894823195195,3.15519,3.45725266854106,1.41247880228429
2.23,47.85810684183837,-38.116411435822506,-21.618119990958462,50.505368341940255,-39.57666514771713,-21.552983639571856,3.76196,4.12211190100905,2.70792779742048
2.24,47.85810684183837,-38.116411435822506,-21.618119990958462,47.95747325849218,-44.69794354228257,-16.51384665596303,6.24504,6.84291000071174,4.38127098598936
2.25,47.85810684183837,-38.116411435822506,-21.618119990958462,51.26252419673122,-42.66399605934623,-17.124812513741936,6.1902,6.78281988368462,4.87891834321996
2.26,47.85810684183837,-38.116411435822506,-21.618119990958462,46.51457297896178,-43.53209242204087,-16.652488430473532,6.12252,6.70866052700345,4.18682900864283
2.27,47.85810684183837,-38.116411435822506,-21.618119990958462,50.30241614845852,-45.60272430180548,-17.140930641837283,5.96733,6.53861338510997,5.00478100353243
2.28,47.85810684183837,-38.116411435822506,-21.618119990958462,50.081537084120924,-41.41275344107445,-15.673829125569583,6.16453,6.75469236172827,4.49041421341651
2.29,47.85810684183837,-38.116411435822506,-21.618119990958462,55.54811154781643,-32.42240306739347,-24.242052555601635,6.50292,7.12547818778236,8.24969817308135
3.1,39.19377567568642,-23.298601830826186,-22.621934716019375,35.44147562536551,-37.49721097271658,-18.419093623883242,5.77519,6.32807882847995,8.19455545806109
3.2,39.19377567568642,-23.298601830826186,-22.621934716019375,39.04993420830211,-33.36416521085558,-23.142439681907934,4.14175,4.53826116333087,4.61535635996169
3.3,39.19377567568642,-23.298601830826186,-22.621934716019375,34.92309331220881,-32.998073051442255,-22.50332553981622,4.12514,4.520061002065,5.82776370375739
3.4,39.19377567568642,-23.298601830826186,-22.621934716019375,41.200222340896545,-35.130122548344076,-23.335805563117983,5.58693,6.12179572433106,5.60848794670688
3.5,39.19377567568642,-23.298601830826186,-22.621934716019375,35.22229579086366,-25.313696415539404,-27.114661452893294,4.20819,4.61106180839436,3.92229723060931
3.6,39.19377567568642,-23.298601830826186,-22.621934716019375,33.97038596230493,-33.27269707673838,-25.27735395425631,4.51938,4.95204363767352,6.1625706082887
3.7,39.19377567568642,-23.298601830826186,-22.621934716019375,37.16264843828324,-30.306139736234694,-19.25469177289679,4.96124,5.43620518234168,4.68779958651362
3.8,39.19377567568642,-23.298601830826186,-22.621934716019375,33.15494153948084,-25.680209843097686,-27.69329324771781,5.16279,5.65705060697362,5.53191627306451
3.9,39.19377567568642,-23.298601830826186,-22.621934716019375,39.38101313405683,-22.822111778362714,-23.428619143951078,2.20266,2.41353204177519,0.559629163064843
3.10,39.19377567568642,-23.298601830826186,-22.621934716019375,41.04715193905313,-26.061056109351444,-24.81050045030495,4.00997,4.393865181897,2.15578437755106
3.11,39.19377567568642,-23.298601830826186,-22.621934716019375,41.058341103048036,-24.492154268631243,-25.305850231205884,4.48726,4.91684862383488,2.05201118526641
3.12,39.19377567568642,-23.298601830826186,-22.621934716019375,34.22331041240213,-32.50506366887085,-21.907968117496214,5.77519,6.32807882847995,6.13681843496632
3.13,39.19377567568642,-23.298601830826186,-22.621934716019375,34.886951998923855,-20.376839594743235,-29.077807112679068,6.42193,7.03673459591464,5.22895335808615
3.14,39.19377567568642,-23.298601830826186,-22.621934716019375,38.23441431270881,-27.905819568231653,-27.90145459429122,5.09967,5.58788780269296,2.81062481565049
3.15,39.19377567568642,-23.298601830826186,-22.621934716019375,33.80523140905406,-26.87841151650039,-27.245764332775746,4.58472,5.0236389740439,5.05926888763768
3.16,39.19377567568642,-23.298601830826186,-22.621934716019375,34.250111576528404,-29.397410316036378,-26.180582416705633,3.8804,4.25189077520109,5.01451331575547
3.17,39.19377567568642,-23.298601830826186,-22.621934716019375,40.320078945417066,-33.03407696572275,-22.779622105264284,5.57697,6.11088220198259,4.64376619724589
3.18,39.19377567568642,-23.298601830826186,-22.621934716019375,37.667773998901524,-27.55935136051932,-20.589435219417652,3.77519,4.13660847738156,2.97540432771086
3.19,39.19377567568642,-23.298601830826186,-22.621934716019375,41.339820752593056,-31.91924429566906,-25.799685850929578,5.89922,6.46398286230332,4.21455545211583
3.20,39.19377567568642,-23.298601830826186,-22.621934716019375,39.161305725540444,-23.505132323176024,-23.861828839512743,3.08084,3.37578475823898,0.583739148262118
3.21,39.19377567568642,-23.298601830826186,-22.621934716019375,38.03378757912055,-36.84046160433924,-22.17980745364879,5.95792,6.52830251710805,6.32366882556107
3.22,39.19377567568642,-23.298601830826186,-22.621934716019375,41.63266511400006,-33.81885347957317,-22.387061371571605,6.20819,6.80253215949275,5.40040777380191
3.23,39.19377567568642,-23.298601830826186,-22.621934716019375,40.351227624409745,-33.30286716514255,-24.38256857062577,5.22702,5.72742967729915,4.53053604171806
3.24,39.19377567568642,-23.298601830826186,-22.621934716019375,37.442832911243784,-28.98396180423407,-20.47036421363898,4.23256,4.6377648746225,3.66708418826992
3.25,39.19377567568642,-23.298601830826186,-22.621934716019375,39.75006226648184,-36.93944815693045,-23.38682318080919,6.33555,6.9420849914507,6.06935093818141
3.26,39.19377567568642,-23.298601830826186,-22.621934716019375,39.76345125256088,-41.03286587367977,-21.682099381099494,6.68328,7.32310498404442,8.00087012847825
3.27,39.19377567568642,-23.298601830826186,-22.621934716019375,37.629811737043205,-21.147151004808574,-25.36963915311865,4.97342,5.44955123677987,2.40942668455067
3.28,39.19377567568642,-23.298601830826186,-22.621934716019375,39.12194878105564,-21.39510048709109,-22.68424514679551,3.89812,4.27130720251182,1.00656700833841
3.29,39.19377567568642,-23.298601830826186,-22.621934716019375,36.68900151304482,-19.948844243489805,-26.094616279247074,5.02658,5.50780051871207,3.50878233330383
3.30,39.19377567568642,-23.298601830826186,-22.621934716019375,36.26769817252524,-20.231112319526012,-27.463574584158412,5.27464,5.7796085863588,4.04037873523834
4.1,29.40489463164468,8.760221975238458,-38.92897565829671,26.882401940895456,13.318536406171644,-43.48477923304003,2.56587,2.81151401488641,2.53018525435469
4.2,29.40489463164468,8.760221975238458,-38.92897565829671,28.300611493613594,9.892954761298146,-39.95618676594349,2.04644,2.24235629265089,0.951077881471202
4.3,29.40489463164468,8.760221975238458,-38.92897565829671,28.556293915657918,11.605211132735077,-42.51056918031178,2.11069,2.31275727767993,1.17294843828688
4.4,29.40489463164468,8.760221975238458,-38.92897565829671,28.26877489515725,14.967545119169866,-46.18738827967387,2.38229,2.61035895135909,2.30011880107005
4.5,29.40489463164468,8.760221975238458,-38.92897565829671,28.819437993521476,8.535279293206631,-38.790412245847925,2.0567,2.25359853555203,0.460911785380865
4.6,29.40489463164468,8.760221975238458,-38.92897565829671,29.49556865107379,10.766903894474433,-42.54141449440081,1.9487,2.13525913659271,0.869398064132167
4.7,29.40489463164468,8.760221975238458,-38.92897565829671,27.682257527996647,4.266834280805126,-34.51749353484501,1.87635,2.05598269664173,2.19514624703451
4.8,29.40489463164468,8.760221975238458,-38.92897565829671,27.449244505582307,7.645117935478868,-38.960179320112076,1.473,1.61401791358396,1.69886024249397
4.9,29.40489463164468,8.760221975238458,-38.92897565829671,28.348280768008806,4.264448910625163,-35.05585330933126,1.85529,2.03290651384466,2.05424344439189
4.10,29.40489463164468,8.760221975238458,-38.92897565829671,28.595571346007127,7.211955936317349,-36.704141659075184,1.9865,2.17667792622847,0.831483993728662
4.11,29.40489463164468,8.760221975238458,-38.92897565829671,28.3562156904841,12.657308429949914,-43.856816641611076,2.30076,2.52102366249656,1.55676814020288
4.12,29.40489463164468,8.760221975238458,-38.92897565829671,28.239551065992764,10.573403481775518,-41.63879609563823,2.11663,2.31926594462269,1.10552299126553
4.13,29.40489463164468,8.760221975238458,-38.92897565829671,28.25815251325094,11.50811405535343,-41.78922514450907,2.4406,2.67425126944536,1.32145361070319
4.14,29.40489463164468,8.760221975238458,-38.92897565829671,28.82461763507846,3.319971687077122,-34.785564316895,1.7419,1.90866110228914,2.50359658921299
4.15,29.40489463164468,8.760221975238458,-38.92897565829671,29.47545010612506,12.966722148790744,-45.16039258792299,2.36069,2.58669107156723,1.50772353689823
4.16,29.40489463164468,8.760221975238458,-38.92897565829671,29.93867861807624,9.471903511335643,-41.351394771315434,2.12689,2.33050818752383,0.887300753500088
4.17,29.40489463164468,8.760221975238458,-38.92897565829671,30.448283073337805,13.02952437753535,-46.84454943910102,2.69006,2.94759336633787,2.04982469893213
4.18,29.40489463164468,8.760221975238458,-38.92897565829671,34.18821951786522,6.307904540739429,-38.37011185273042,2.63985,2.89257650317354,4.08810513698199
4.19,29.40489463164468,8.760221975238458,-38.92897565829671,31.052935534266553,9.639926228321604,-42.51391259571305,2.38553,2.61390913332787,1.78023784134335
4.20,29.40489463164468,8.760221975238458,-38.92897565829671,31.095198672736785,9.396108645848111,-40.5398120819648,2.02538,2.21928010985383,1.38797307750508
4.21,29.40489463164468,8.760221975238458,-38.92897565829671,32.62380110753757,4.662543417121912,-34.3277118474909,2.46436,2.70028593721641,2.93487220591045
4.22,29.40489463164468,8.760221975238458,-38.92897565829671,27.858780847146484,9.717726621193023,-38.80894789421665,2.19222,2.40209256654245,1.39464713990082
4.23,29.40489463164468,8.760221975238458,-38.92897565829671,29.189353798275157,7.389399756131371,-32.39141511286694,3.57505,3.91730803934715,2.60081051838278
4.24,29.40489463164468,8.760221975238458,-38.92897565829671,27.928993903534113,8.821102701047106,-34.578850408320264,3.27052,3.58362380633715,2.57401371793056
4.25,29.40489463164468,8.760221975238458,-38.92897565829671,27.69588693840619,14.502813678684612,-42.82171473845614,2.82883,3.09964853664883,2.84897208009746
4.26,29.40489463164468,8.760221975238458,-38.92897565829671,29.329055347944653,8.896737965499057,-39.39438306092574,1.88769,2.06840833353246,0.164072762166253
4.27,29.40489463164468,8.760221975238458,-38.92897565829671,26.057423976567463,9.337476671004513,-35.133765073551906,3.86879,4.23916928981297,3.45719282228414
4.28,29.40489463164468,8.760221975238458,-38.92897565829671,25.62050160563956,4.667667352873078,-29.028552143833263,3.65443,4.00428749758224,4.07165358171188
4.29,29.40489463164468,8.760221975238458,-38.92897565829671,28.585104130191134,9.26927030338584,-41.3653371179211,2.09179,2.29204788286205,1.09409480578345
4.30,29.40489463164468,8.760221975238458,-38.92897565829671,28.24752502994808,8.651389338130588,-41.93279931982515,1.71706,1.8814430405285,1.77030721324507
4.31,29.663367323985213,-17.780886466797956,-15.592666883523131,30.337081387303265,-19.28682384970687,-16.19011095211389,2.27366,2.49132923923918,1.02156283338553
4.32,29.663367323985213,-17.780886466797956,-15.592666883523131,28.02852717548533,-18.742055142517255,-15.634093308968689,0.941847,1.03201488788548,1.38127296753968
4.33,29.663367323985213,-17.780886466797956,-15.592666883523131,27.045883166436575,-18.129734586736916,-15.387501376478884,2.12885,2.3326558284679,2.00626719050211
4.34,29.663367323985213,-17.780886466797956,-15.592666883523131,26.87957235316432,-17.577599677812973,-14.544016710270446,3.64538,3.99437109424352,2.19332427301919
4.35,29.663367323985213,-17.780886466797956,-15.592666883523131,30.462748438045423,-24.018879424756808,-13.411887345438256,5.03991,5.52240666860214,4.2873139837864
4.36,29.663367323985213,-17.780886466797956,-15.592666883523131,31.158451515213436,-24.19040733511543,-13.386361083832199,5.23603,5.73730225123085,4.49049972336877
4.37,29.663367323985213,-17.780886466797956,-15.592666883523131,29.673346207022284,-26.26791493449887,-11.75111882738874,6.32839,6.93423952759376,5.97730039868395
4.38,29.663367323985213,-17.780886466797956,-15.592666883523131,30.448283073337805,-23.183618166885633,-14.875904874624545,4.56328,5.00014641188013,3.37918208902323
4.39,29.663367323985213,-17.780886466797956,-15.592666883523131,33.62841408713795,-28.81500035873788,-14.61902114978406,6.44584,7.06293362396202,6.90877397797343
4.40,29.663367323985213,-17.780886466797956,-15.592666883523131,31.0740765894704,-22.119520355982914,-15.782748546751435,3.96807,4.34795387804149,2.75874548591807
4.41,29.663367323985213,-17.780886466797956,-15.592666883523131,30.380658605512316,-21.443737977871024,-15.970721827720425,3.35576,3.67702427270096,2.19543755571378
4.42,29.663367323985213,-17.780886466797956,-15.592666883523131,27.26379828241209,-16.815577085176976,-19.36835099632619,4.07412,4.46415659340848,3.00252882196616
4.43,29.663367323985213,-17.780886466797956,-15.592666883523131,28.06339171178643,-14.359977033929521,-21.45389026487352,5.43672,5.95720534361181,4.55009435562575
4.44,29.663367323985213,-17.780886466797956,-15.592666883523131,27.750319740792463,-13.489230375110905,-20.290020680713305,5.37058,5.88473341910099,4.59209837754044
4.45,29.663367323985213,-17.780886466797956,-15.592666883523131,30.911507162287286,-15.672616597574601,-19.258190033932287,4.99544,5.47367932534547,2.95600564867012
4.46,29.663367323985213,-17.780886466797956,-15.592666883523131,31.12801763713702,-16.310403387968353,-19.110375043451267,4.99886,5.47742673964584,2.69552207152402
4.47,29.663367323985213,-17.780886466797956,-15.592666883523131,29.214818333022066,-17.90396888358717,-19.338323023631798,3.87343,4.24425350102751,2.11393612066238
4.48,29.663367323985213,-17.780886466797956,-15.592666883523131,28.401126719777466,-16.644096828136085,-19.05066563532889,3.96579,4.34545560184124,2.47896603163241
4.49,29.663367323985213,-17.780886466797956,-15.592666883523131,29.389747042653482,-16.900928042296314,-18.912648157387647,4.01368,4.39793035939829,2.13073585253343
4.50,29.663367323985213,-17.780886466797956,-15.592666883523131,28.9356915957013,-20.810710746664935,-25.302135773861302,6.20182,6.7955523264245,4.84935949305672
4.51,29.663367323985213,-17.780886466797956,-15.592666883523131,27.283247683784573,-17.86230404249195,-22.90963869644742,5.41277,5.93096248615741,4.32128594381014
4.52,29.663367323985213,-17.780886466797956,-15.592666883523131,28.28735180665165,-18.004406135975483,-22.2891183521579,5.3797,5.894726523902,3.74415819672375
4.53,29.663367323985213,-17.780886466797956,-15.592666883523131,28.416955999806433,-18.794261178348425,-22.234824185284364,5.22463,5.72481087022959,3.59156880561039
4.54,29.663367323985213,-17.780886466797956,-15.592666883523131,31.936320463863915,-21.592921850571933,-21.160686279567763,6.15051,6.73933015456707,3.59674624916171
4.55,29.663367323985213,-17.780886466797956,-15.592666883523131,30.4579276506651,-18.034009722062788,-23.70987387115363,6.39795,7.01045886640497,4.32751568828134
4.56,29.663367323985213,-17.780886466797956,-15.592666883523131,28.65305339754208,-15.846251760303964,-22.425408668918568,5.76739,6.31953209411067,4.28879318485905
4.57,29.663367323985213,-17.780886466797956,-15.592666883523131,28.86342684722228,-16.463341528922314,-22.024709969770704,5.78449,6.33826916561256,3.87682384231188
4.58,29.663367323985213,-17.780886466797956,-15.592666883523131,30.064073834904782,-16.64018304127565,-20.91444326290407,5.3569,5.86974376189948,3.24232770558651
4.59,29.663367323985213,-17.780886466797956,-15.592666883523131,30.70729372358924,-17.49828594250466,-20.177606679142635,5.25656,5.75979769438487,2.73680258781549
5.1,51.274022457442186,4.979612391819321,-43.47688598431769,49.48761627312389,6.8087451612782175,-43.85671215502938,1.62047,1.7756059799222,2.12508036832971
5.2,51.274022457442186,4.979612391819321,-43.47688598431769,47.61475743674368,4.834999184178623,-43.03558620453607,2.01144,2.20400556150667,3.65689472395257
5.3,51.274022457442186,4.979612391819321,-43.47688598431769,51.386498001259056,5.86851250689474,-43.504184433751504,0.792753,0.86864734762215,0.628401086795232
5.4,51.274022457442186,4.979612391819321,-43.47688598431769,49.837572404805144,6.735549026527954,-45.821993186965784,1.61856,1.7735131257369,1.54096559205165
5.5,51.274022457442186,4.979612391819321,-43.47688598431769,48.14137673802853,5.678402195752719,-42.09933188436064,1.67133,1.83133507095063,3.30167478888495
5.6,51.274022457442186,4.979612391819321,-43.47688598431769,51.36816029084923,5.686196006980893,-44.800597152172195,0.87349,0.957113718490465,0.259123267683238
5.7,51.274022457442186,4.979612391819321,-43.47688598431769,52.59637517360724,4.526371536637486,-42.72974632625448,1.4787,1.62026360408459,1.31540351148993
5.8,51.274022457442186,4.979612391819321,-43.47688598431769,48.66944210475435,7.04408550074448,-43.544881856296726,1.7794,1.94975117137224,2.97422282259225
5.9,51.274022457442186,4.979612391819321,-43.47688598431769,50.08749402507952,2.79736313969442,-45.91832832402885,2.56389,2.80934445923882,2.67297723502784
5.10,51.274022457442186,4.979612391819321,-43.47688598431769,50.26215031469056,3.5857315582572546,-44.93314016570344,2.10553,2.30710328417409,1.81704432207768
5.11,51.274022457442186,4.979612391819321,-43.47688598431769,48.70674351586601,10.66713412002046,-46.139469188728,2.74253,3.00508659099893,3.9487164334241
5.12,51.274022457442186,4.979612391819321,-43.47688598431769,52.77393820895041,9.65251360237418,-42.13414872984866,3.04196,3.33318257461363,4.150143493887
5.13,51.274022457442186,4.979612391819321,-43.47688598431769,51.21879491290012,10.381403870555806,-43.042214731551276,2.89193,3.16878942622598,4.01392353980406
5.14,51.274022457442186,4.979612391819321,-43.47688598431769,49.92867230257781,2.6260256166252827,-46.58051360386286,2.815,3.08449451917098,3.05528034243013
5.15,51.274022457442186,4.979612391819321,-43.47688598431769,47.599325388727955,6.004620709910702,-43.8509447269879,1.75715,1.92537106371627,3.71777274381028
5.16,51.274022457442186,4.979612391819321,-43.47688598431769,47.08580913093607,8.394638863662095,-47.92021214804103,2.64272,2.89572126312737,4.31727562094344
5.17,51.274022457442186,4.979612391819321,-43.47688598431769,47.80191729775329,9.817934582920962,-46.870269802554866,2.48951,2.72784367688147,4.09856740207707
5.18,51.274022457442186,4.979612391819321,-43.47688598431769,50.763166374144504,-2.786259693355553,-41.302954753069976,3.17737,3.48155607473474,4.77143640252291
5.19,51.274022457442186,4.979612391819321,-43.47688598431769,49.22817706424826,12.074945138302374,-44.99226594273682,3.14749,3.44881550768933,4.85950573900311
5.20,51.274022457442186,4.979612391819321,-43.47688598431769,49.53974260477921,-2.9258432435015913,-41.63351914158908,3.11697,3.41537367013157,5.22636802103592
5.21,51.274022457442186,4.979612391819321,-43.47688598431769,52.28089825939277,-4.435679375599689,-39.094252134217335,3.30006,3.61599182342287,5.41265737963196
5.22,51.274022457442186,4.979612391819321,-43.47688598431769,49.44998528492252,12.857672843790912,-46.94285392160009,2.72219,2.98279933752826,4.57371950823407
5.23,51.274022457442186,4.979612391819321,-43.47688598431769,47.21757530750575,14.091659890844932,-48.16006409737628,3.24857,3.55957241923385,6.11135780054918
5.24,51.274022457442186,4.979612391819321,-43.47688598431769,49.78711937646946,-3.7079350996959137,-41.693124783109695,3.32041,3.6382900342453,5.67735881629507
5.25,51.274022457442186,4.979612391819321,-43.47688598431769,50.58995844001612,-11.127994846151179,-38.97210956312747,4.01716,4.4017435178092,9.81100528473662
5.26,51.274022457442186,4.979612391819321,-43.47688598431769,52.213874021707966,-12.267963119913572,-37.70217797880733,3.95677,4.33557207055778,10.3611054031161
5.27,51.274022457442186,4.979612391819321,-43.47688598431769,50.18384722263154,-4.953394223333129,-40.92051166173243,3.32613,3.64455763944944,6.21992163418575
5.28,51.274022457442186,4.979612391819321,-43.47688598431769,48.67814961610705,-5.826313547315554,-39.62880542133791,3.60648,3.95174699591466,6.9128760483255
5.29,51.274022457442186,4.979612391819321,-43.47688598431769,47.11194515013776,16.510847732675803,-41.57496542713872,4.43865,4.86358493695143,9.90987750334606
5.30,51.274022457442186,4.979612391819321,-43.47688598431769,51.43344288616986,4.992135690125354,-43.40580940066676,0.706929,0.774606971915816,0.162802877845642
6.1,40.73044007492708,-44.325463190280914,36.70721061824512,42.78433235206995,-47.420748739489206,30.458683791980135,3.52638,3.86397860835317,3.66380824158779
6.2,40.73044007492708,-44.325463190280914,36.70721061824512,40.709415621180725,-44.393468298826484,36.918834118802565,0.359186,0.393572734764813,0.0777057147096745
6.3,40.73044007492708,-44.325463190280914,36.70721061824512,40.2576780137787,-41.063401737044785,32.39340141239748,2.30006,2.52025664787368,1.68296844245127
6.4,40.73044007492708,-44.325463190280914,36.70721061824512,40.415056724815464,-44.597351862171564,36.70597860145125,1.00318,1.09921961340744,0.296465723782382
6.5,40.73044007492708,-44.325463190280914,36.70721061824512,42.00309316837022,-46.02914349232282,35.932166733921036,2.02734,2.2214277507979,1.39065747169026
6.6,40.73044007492708,-44.325463190280914,36.70721061824512,42.806908716664516,-42.82180226966109,36.1160137918429,1.78703,1.95811163076168,1.93656680864009
6.7,40.73044007492708,-44.325463190280914,36.70721061824512,39.79856678530015,-50.65405109946566,35.48314466153175,3.22823,3.53728516576317,2.57600730898738
6.8,40.73044007492708,-44.325463190280914,36.70721061824512,42.512052708379365,-50.40780332574049,40.654699896904454,2.5302,2.77242914117457,2.52693701803755
6.9,40.73044007492708,-44.325463190280914,36.70721061824512,39.29436069401329,-41.697602396351535,36.06055633754559,2.06993,2.26809511192454,1.54163177942948
6.10,40.73044007492708,-44.325463190280914,36.70721061824512,42.73611139643116,-43.46178567944759,38.65537504214438,1.88938,2.07026012597914,2.04125276467774
6.11,40.73044007492708,-44.325463190280914,36.70721061824512,38.915690729533395,-41.4597722817594,35.9326148555646,2.64971,2.90338045200445,1.85923564917704
6.12,40.73044007492708,-44.325463190280914,36.70721061824512,42.21572993495992,-39.24410821596688,34.19444275973387,1.87985,2.05981776975615,2.17156527195989
6.13,40.73044007492708,-44.325463190280914,36.70721061824512,40.21984167876977,-49.8030787531866,38.855096798059776,2.42975,2.66236254279065,1.75997571189204
6.14,40.73044007492708,-44.325463190280914,36.70721061824512,42.020099700380065,-28.270097524151744,35.05609393272708,4.04132,4.42821647965047,6.40560519659051
6.15,40.73044007492708,-44.325463190280914,36.70721061824512,43.34362018783644,-47.62843665697702,36.651358577024375,1.93134,2.11623717394518,2.64345323980659
6.16,40.73044007492708,-44.325463190280914,36.70721061824512,39.57036296393822,-39.550496630642975,22.830114300356307,4.43865,4.86358493695143,5.57203003166004
6.17,40.73044007492708,-44.325463190280914,36.70721061824512,42.072602414196346,-50.09994965488029,33.98681778692374,3.12842,3.42791983789161,2.91991850820105
6.18,40.73044007492708,-44.325463190280914,36.70721061824512,40.10272010603382,-43.61572102799524,36.74063370235162,2.0,2.19147035109839,0.615084956234547
6.19,40.73044007492708,-44.325463190280914,36.70721061824512,40.8466020375224,-44.562595237786105,36.565008524752564,1.43039,1.56732863775381,0.159631865322251
6.20,40.73044007492708,-44.325463190280914,36.70721061824512,40.473847968461364,-42.77372130414775,37.40425963683306,1.80737,1.98039888423235,0.768829082547017
6.21,40.73044007492708,-44.325463190280914,36.70721061824512,40.082876539039034,-43.85111820668633,36.14382525386615,2.25683,2.47288801623469,0.610681599249012
6.22,40.73044007492708,-44.325463190280914,36.70721061824512,38.92431577926365,-38.62682971382655,34.50413660634942,2.59313,2.84138375577188,2.49149779416583
6.23,40.73044007492708,-44.325463190280914,36.70721061824512,39.65111928167883,-32.97308390501916,28.439820390088745,3.56707,3.90856407264626,4.41162898562512
6.24,40.73044007492708,-44.325463190280914,36.70721061824512,39.02760575604747,-43.13735150106751,36.10611765439201,2.30451,2.52513266940487,1.5451024646425
6.25,40.73044007492708,-44.325463190280914,36.70721061824512,39.45386290951792,-43.37615634629627,34.776816035591516,2.63636,2.88875238741087,1.3185405663825
6.26,40.73044007492708,-44.325463190280914,36.70721061824512,41.86201867098695,-44.21799428856968,38.174214224115474,0.708837,0.776697634630764,1.17418410913648
6.27,40.73044007492708,-44.325463190280914,36.70721061824512,40.306953398533274,-43.70014000455169,36.567768444486795,0.359186,0.393572734764813,0.429177938510536
6.28,40.73044007492708,-44.325463190280914,36.70721061824512,39.35555527759936,-49.878237864887765,34.386778640542396,3.12587,3.42512571319396,2.75579446146142
6.29,40.73044007492708,-44.325463190280914,36.70721061824512,38.81197813003856,-47.91830194587573,30.039104437939102,3.64463,3.99354929286186,3.83188006745688
6.30,40.73044007492708,-44.325463190280914,36.70721061824512,40.63814000084368,-45.92787850050647,28.61158521590609,3.56961,3.91134723999216,3.60485676118585
7.1,42.50901312122022,-36.08869326363964,28.069487746009848,42.58490825782376,-35.670121350932924,27.75542145962031,0.134071,0.146906310721056,0.185420381621731
7.2,42.50901312122022,-36.08869326363964,28.069487746009848,43.01081467943068,-25.833983859484043,27.321352914592822,3.9059,4.2798320221776,4.46443291836359
7.3,42.50901312122022,-36.08869326363964,28.069487746009848,42.212659323111026,-37.362063140152394,27.33584533639827,1.12792,1.23590161920545,0.765594945914916
7.4,42.50901312122022,-36.08869326363964,28.069487746009848,43.694643676388495,-37.75962310843456,29.053803082726716,1.55351,1.70223555256743,1.26142567361933
7.5,42.50901312122022,-36.08869326363964,28.069487746009848,40.48689607820359,-36.40640521025304,20.288206210663652,3.71771,4.07362561949099,4.15933648111264
7.6,42.50901312122022,-36.08869326363964,28.069487746009848,38.13162352876273,-37.65580026421589,18.659786650647526,3.84563,4.21379206314725,6.13891372713577
7.7,42.50901312122022,-36.08869326363964,28.069487746009848,37.935596048510114,-29.874652375276366,24.678437815152233,3.51107,3.84720290281551,4.74556887714394
7.8,42.50901312122022,-36.08869326363964,28.069487746009848,41.6905654111392,-34.220694258696284,32.3054106560649,2.49508,2.73394692180928,2.42359960876222
7.9,42.50901312122022,-36.08869326363964,28.069487746009848,42.724043778566966,-39.58867728828028,26.157078887560516,2.36347,2.58973721535525,1.91911674494754
7.10,42.50901312122022,-36.08869326363964,28.069487746009848,41.60445528809619,-40.28762737361261,26.989493360758633,2.47909,2.71642611635225,2.07344232611751
7.11,42.50901312122022,-36.08869326363964,28.069487746009848,40.03983390353907,-36.93620518403784,29.815706687879416,1.76138,1.93000602350884,2.32225566491282
7.12,42.50901312122022,-36.08869326363964,28.069487746009848,42.797880251224925,-40.14228147783508,28.38388736170071,1.77921,1.94954298168888,1.56991800586886
7.13,42.50901312122022,-36.08869326363964,28.069487746009848,41.41567970759821,-36.4267535356394,31.286091666910266,1.88745,2.06814535709033,1.69028462225123
7.14,42.50901312122022,-36.08869326363964,28.069487746009848,40.960687615315685,-34.027538935578555,31.19521638619017,2.33702,2.56075501996198,2.36948192195344
7.15,42.50901312122022,-36.08869326363964,28.069487746009848,41.18749774844269,-34.05289112902113,23.73942119970245,2.31365,2.53514768890939,2.20461528486786
7.16,42.50901312122022,-36.08869326363964,28.069487746009848,41.11103100472524,-32.59371000835481,23.649724711058074,2.35424,2.57962357968493,2.36866294781286
7.17,42.50901312122022,-36.08869326363964,28.069487746009848,42.33064482049069,-36.45756388079274,30.827662261667665,1.58057,1.73188614641779,1.17974898392069
7.18,42.50901312122022,-36.08869326363964,28.069487746009848,42.192692445441175,-36.64400806819854,31.48530148370764,1.89729,2.07892739121773,1.45686122503136
7.19,42.50901312122022,-36.08869326363964,28.069487746009848,41.262173808998476,-38.38396960405854,28.25767405524552,1.27245,1.39426822412757,1.4342114028579
7.20,42.50901312122022,-36.08869326363964,28.069487746009848,39.850323362363575,-38.310003625779935,28.03419492682473,2.19557,2.40576327938054,2.5413403345051
7.21,42.50901312122022,-36.08869326363964,28.069487746009848,41.11581617701447,-36.81399111855829,30.84750926807307,1.61931,1.77433492711857,1.6971791998122
7.22,42.50901312122022,-36.08869326363964,28.069487746009848,38.5369737402081,-27.67480400648803,26.390276343204043,3.39852,3.72387790880745,4.9243221148619
7.23,42.50901312122022,-36.08869326363964,28.069487746009848,39.28925502817689,-27.77301018886763,26.199380932808047,3.26199,3.57427718528972,4.43436145994418
7.24,42.50901312122022,-36.08869326363964,28.069487746009848,39.94690143716732,-35.34285530599121,26.069833593940885,1.99139,2.18203607123691,2.44234987260805
7.25,42.50901312122022,-36.08869326363964,28.069487746009848,41.15566146855223,-38.534270840141744,30.83661832170319,1.22202,1.33901029922463,1.7155461688777
7.26,42.50901312122022,-36.08869326363964,28.069487746009848,38.71482432836907,-36.662682339337785,27.61838317275934,2.83518,3.10660645501356,3.3861955039184
7.27,42.50901312122022,-36.08869326363964,28.069487746009848,37.7092901866531,-30.655582053404935,26.680722648485755,3.4059,3.731964434403,4.73852939418891
7.28,42.50901312122022,-36.08869326363964,28.069487746009848,43.13010407986652,-42.45972548481983,28.846650432840004,2.83948,3.11131811626843,2.41700391354077
7.29,42.50901312122022,-36.08869326363964,28.069487746009848,43.840297786082324,-35.298525377602225,33.65377610923797,2.85363,3.12682276900245,2.86985790913773
7.30,42.50901312122022,-36.08869326363964,28.069487746009848,41.96285621782694,-35.08757121153538,32.89896539039694,2.23862,2.45293467868794,2.37807170330032
8.1,37.94096117299079,-26.413963178556877,22.532220540880623,38.75997432449904,-27.05542190260718,24.982685942755577,1.45064,1.58951727505868,1.34097755298056
8.2,37.94096117299079,-26.413963178556877,22.532220540880623,38.84659258706313,-27.65214665688126,25.066079555650433,0.809873,0.887406333827552,1.40611122147489
8.3,37.94096117299079,-26.413963178556877,22.532220540880623,38.117414820575725,-28.075759131046734,24.765205899892486,0.733138,0.803325095131785,1.10219930739212
8.4,37.94096117299079,-26.413963178556877,22.532220540880623,38.79465449483603,-28.16468107239026,25.47512514621927,0.971163,1.06413746029188,1.55809309071686
8.5,37.94096117299079,-26.413963178556877,22.532220540880623,37.78673570078658,-29.528688318662955,24.62792260265836,1.31867,1.44491310394146,1.44275198403628
8.6,37.94096117299079,-26.413963178556877,22.532220540880623,38.63476053162196,-28.080281497539218,24.336033539846834,1.12072,1.22801232594149,1.11967893498591
8.7,37.94096117299079,-26.413963178556877,22.532220540880623,39.86866556100077,-27.999354459991714,25.304731219818944,1.67351,1.83372377363333,2.11113432976498
8.8,37.94096117299079,-26.413963178556877,22.532220540880623,38.133399092890635,-30.4641005285603,24.727616632347914,1.94086,2.12666857281641,1.78944152098278
8.9,37.94096117299079,-26.413963178556877,22.532220540880623,39.78017844894842,-28.924267057789304,26.946757838449365,2.07185,2.2701989234616,2.57336189160677
8.10,37.94096117299079,-26.413963178556877,22.532220540880623,39.74336536113298,-31.909812629708906,24.419664658186036,2.31134,2.53261654065387,2.80855710858157
8.11,37.94096117299079,-26.413963178556877,22.532220540880623,38.00882723551191,-28.24720436983347,24.178267619104332,1.02542,1.12358876371165,0.94674552338505
8.12,37.94096117299079,-26.413963178556877,22.532220540880623,35.342977556435784,-34.32108852670118,20.28722455977293,3.1955,3.50142175346745,4.65146773589866
8.13,37.94096117299079,-26.413963178556877,22.532220540880623,36.326671785545464,-30.450206968914316,22.46376393463847,2.26735,2.48441515028147,2.33696857248436
8.14,37.94096117299079,-26.413963178556877,22.532220540880623,40.0381770967174,-31.596230957330608,23.85108105835545,2.12903,2.3328530607995,2.87397417745424
8.15,37.94096117299079,-26.413963178556877,22.532220540880623,36.0496745042691,-27.738668061978917,23.260355559364942,1.60753,1.7614271667506,1.70618800820696
8.16,37.94096117299079,-26.413963178556877,22.532220540880623,36.24864600995208,-27.261858240654107,21.006686395906115,1.85728,2.03508702684401,1.75096248240236
8.17,37.94096117299079,-26.413963178556877,22.532220540880623,37.622574733819654,-27.844300363060846,25.03793311911936,0.932551,1.02182893369358,1.20140303363242
8.18,37.94096117299079,-26.413963178556877,22.532220540880623,36.924098439636985,-27.364582921635684,21.109122967201877,1.71848,1.88299898447778,1.31801096723295
8.19,37.94096117299079,-26.413963178556877,22.532220540880623,37.63704678761827,-27.200221713075262,20.74694633427154,1.65689,1.8155126550157,1.14618306318857
8.20,37.94096117299079,-26.413963178556877,22.532220540880623,38.31037050144644,-26.007113123609315,22.18544631815387,0.106549,0.116749487219591,0.380373284609147
8.21,37.94096117299079,-26.413963178556877,22.532220540880623,35.11498619766086,-23.439955816764364,19.08640230188483,2.35533,2.58081793102628,3.02806923734378
8.22,37.94096117299079,-26.413963178556877,22.532220540880623,38.21848955472785,-28.74517389133027,16.970000729166724,2.90225,3.18009741323765,3.486802914249
8.23,37.94096117299079,-26.413963178556877,22.532220540880623,33.59459141510349,-30.9366684041221,19.324977945814048,2.92375,3.20365571951196,4.76402596682919
8.24,37.94096117299079,-26.413963178556877,22.532220540880623,38.329767063988896,-32.78059759589019,24.66449281417654,2.36413,2.59046040057112,2.70318837523341
8.25,37.94096117299079,-26.413963178556877,22.532220540880623,40.6802790777981,-33.1775819286598,25.982599510392912,2.43451,2.66757824222627,3.7366833470193
8.26,37.94096117299079,-26.413963178556877,22.532220540880623,33.79264320394085,-23.26584551180816,19.81162386085076,2.81867,3.08851586726525,3.84628094185679
8.27,37.94096117299079,-26.413963178556877,22.532220540880623,32.55327743355173,-24.59881687414736,18.56794883247108,3.06843,3.36218668471041,4.85499829256298
8.28,37.94096117299079,-26.413963178556877,22.532220540880623,38.573684859687305,-24.460567450105884,24.928913764947357,2.03568,2.23056618216198,1.89333141099494
8.29,37.94096117299079,-26.413963178556877,22.532220540880623,34.93111775188028,-31.72573428711617,20.514951780803216,2.94917,3.23150930767442,3.90638601366539
9.1,61.055125901762764,-45.73471850777461,42.33503490027687,57.96484079948017,-41.87778220380667,40.662779776352345,1.528,1.67428334823917,3.00679813043497
9.2,61.055125901762764,-45.73471850777461,42.33503490027687,61.311029123271595,-49.3210038298772,45.94818434058865,1.208,1.32364809206343,1.3197758951562
9.3,61.055125901762764,-45.73471850777461,42.33503490027687,59.984382164749775,-46.378191149901326,40.976895037575886,1.38362,1.51608110359338,1.13546092100387
9.4,61.055125901762764,-45.73471850777461,42.33503490027687,60.12739795923227,-43.66543966903114,41.178649352646914,1.48838,1.63087032058391,1.04654147588088
9.5,61.055125901762764,-45.73471850777461,42.33503490027687,61.223008238679384,-43.47419598379243,40.692691644149846,1.15657,1.26729443198493,0.77034719039002
9.6,61.055125901762764,-45.73471850777461,42.33503490027687,61.50293333330234,-37.958844943199345,42.50071497296348,2.10286,2.30417767125538,2.98692054686957
9.7,61.055125901762764,-45.73471850777461,42.33503490027687,60.26361688594082,-45.94149338432385,44.14378671155038,0.822095,0.900798409143115,0.934240622283627
9.8,61.055125901762764,-45.73471850777461,42.33503490027687,60.00059966285849,-47.0657914231315,43.55958109210316,1.01676,1.1140996970914,1.03391361398501
9.9,61.055125901762764,-45.73471850777461,42.33503490027687,61.096289707243855,-44.095955857756664,42.33019712224485,0.595429,0.652432499842081,0.590824120393542
9.10,61.055125901762764,-45.73471850777461,42.33503490027687,60.31904039597045,-50.963055560653615,43.656293492253525,1.38667,1.5194230958788,1.74711518178818
9.11,61.055125901762764,-45.73471850777461,42.33503490027687,60.384194093253555,-48.59221824500936,45.44737185034561,1.17029,1.28232791859347,1.23649838812847
9.12,61.055125901762764,-45.73471850777461,42.33503490027687,61.208173099092065,-47.66242377150232,47.135988034492826,1.5181,1.66343557000123,1.52468084873153
9.13,61.055125901762764,-45.73471850777461,42.33503490027687,60.416283801870904,-40.20610365077471,42.80538287733132,1.8,1.97232331598855,2.21004950749525
9.14,61.055125901762764,-45.73471850777461,42.33503490027687,60.24124588963058,-35.966060759002325,39.754965270245734,2.16305,2.37012997147168,3.4582847958343
9.15,61.055125901762764,-45.73471850777461,42.33503490027687,61.85474213129457,-45.65615659042843,43.730656154443196,1.08305,1.18673598187855,0.867051416525512
9.16,61.055125901762764,-45.73471850777461,42.33503490027687,59.94200380561642,-41.42928483030228,40.71456728387628,1.62095,1.77613193280647,1.70467996786908
9.17,61.055125901762764,-45.73471850777461,42.33503490027687,60.23318911625455,-41.54792405891566,42.529802108615996,1.57181,1.72228750627998,1.72828707845964
9.18,61.055125901762764,-45.73471850777461,42.33503490027687,60.70919178829401,-42.264070652112295,43.153707568150125,1.42286,1.55907775188193,1.46828579213932
9.19,61.055125901762764,-45.73471850777461,42.33503490027687,61.773970087649644,-41.39468233311644,41.5270804019367,1.60648,1.76027664481627,1.60044186119674
9.20,61.055125901762764,-45.73471850777461,42.33503490027687,60.600278774717324,-37.05971757149468,36.11275822494001,2.25257,2.46822018438685,3.0675987920134
9.21,61.055125901762764,-45.73471850777461,42.33503490027687,60.19377590999177,-36.20916292902076,35.83571831397974,2.42171,2.65355283197924,3.40853056876679
9.22,61.055125901762764,-45.73471850777461,42.33503490027687,60.85657235827837,-35.92623051447019,33.64252293872323,2.37105,2.59804288798592,3.74072159783065
9.23,61.055125901762764,-45.73471850777461,42.33503490027687,60.75161064910658,-46.25645677789403,42.957275042780864,0.133333,0.146097658161501,0.340454505891369
9.24,61.055125901762764,-45.73471850777461,42.33503490027687,61.8727640629872,-45.42165649585061,42.62388260516572,0.737905,0.808548464713628,0.729272208596068
9.25,61.055125901762764,-45.73471850777461,42.33503490027687,60.05460806624146,-43.856309798164574,44.53481893339022,1.36876,1.49979847888471,1.54838562018585
9.26,61.055125901762764,-45.73471850777461,42.33503490027687,60.67823176795001,-44.09074722496587,45.839688568221796,1.432,1.56909277138645,1.67767861261454
9.27,61.055125901762764,-45.73471850777461,42.33503490027687,60.29670189413359,-47.25707262255102,44.551562583231394,0.972952,1.06609773052094,0.981088486749808
9.28,61.055125901762764,-45.73471850777461,42.33503490027687,60.56923059810103,-41.537641499347075,40.979818769179296,1.48533,1.62752832829848,1.43819592837636
9.29,61.055125901762764,-45.73471850777461,42.33503490027687,61.16712860440792,-50.53360411684965,45.00183184530652,1.42971,1.56658353783444,1.46755806503453
9.30,61.055125901762764,-45.73471850777461,42.33503490027687,61.37452361236183,-49.533327101379534,45.321567839468834,1.23657,1.35495324602887,1.27219046848691
10.1,38.29802001718232,0.2945427968629455,0.20578469455988513,34.46962779252531,-0.07907816290275704,-1.0571056109999866,4.65591,5.10164436119125,3.48230589523
10.2,38.29802001718232,0.2945427968629455,0.20578469455988513,33.524686080831486,-0.3013764050333878,-1.0434950527986375,5.14409,5.63656035919085,4.25150003483863
10.3,38.29802001718232,0.2945427968629455,0.20578469455988513,35.063157535602215,0.14777725498887895,-0.6352909346368563,4.20323,4.60562696192364,2.85201280745991
10.4,38.29802001718232,0.2945427968629455,0.20578469455988513,35.26588588258689,0.505236599704445,1.7995613844150937,4.13333,4.52903507315275,2.98776632647527
10.5,38.29802001718232,0.2945427968629455,0.20578469455988513,34.3549795331361,-0.45001763386368077,-2.028738813259112,5.5172,6.04539011054001,4.08728513196068
10.6,38.29802001718232,0.2945427968629455,0.20578469455988513,35.3370556443237,-0.22573487529276015,-2.5451033013409674,5.68495,6.22919968623839,3.69720039685471
10.7,38.29802001718232,0.2945427968629455,0.20578469455988513,34.63251298758854,-1.3608386873962819,-1.7827597227356717,4.5914,5.03095848501657,4.33563083017195
10.8,38.29802001718232,0.2945427968629455,0.20578469455988513,36.81800426713012,0.05519413924523486,-0.2231115242603554,1.48602,1.62828438556961,1.37548520484765
10.9,38.29802001718232,0.2945427968629455,0.20578469455988513,36.34566720297088,-0.871923731346036,-2.068495170850193,4.45376,4.88014149545398,3.2209824123867
10.10,38.29802001718232,0.2945427968629455,0.20578469455988513,36.009312493894946,-0.17850423130816306,-1.6110443530361174,4.07527,4.46541668886036,2.71170023186882
10.11,38.29802001718232,0.2945427968629455,0.20578469455988513,36.28863952169349,0.31660718573950364,-2.1963125105387005,4.94946,5.42329742197371,2.86047429136891
10.12,38.29802001718232,0.2945427968629455,0.20578469455988513,35.20841064629861,-0.8000157498793403,-3.895721132178631,6.70968,7.35203239267892,4.85517068240278
10.13,38.29802001718232,0.2945427968629455,0.20578469455988513,36.89250084578505,0.5450399000614392,-2.616419979083995,5.26882,5.7732314076371,2.94610466931058
10.14,38.29802001718232,0.2945427968629455,0.20578469455988513,31.416725272101928,0.689391180331872,-4.3836209797523455,5.52473,6.0536409964119,7.05351383163798
10.15,38.29802001718232,0.2945427968629455,0.20578469455988513,36.957513642730945,0.602718855083173,-2.9951877363091017,5.47957,6.0041575958841,3.24130871548679
10.16,38.29802001718232,0.2945427968629455,0.20578469455988513,35.44147562536551,0.2924591718621028,-2.5755878938870103,4.99462,5.47278082250152,3.57417863645023
10.17,38.29802001718232,0.2945427968629455,0.20578469455988513,36.54806086145767,0.8625625959271521,-2.409519669803617,5.14301,5.63537696520126,2.99132630052272
10.18,38.29802001718232,0.2945427968629455,0.20578469455988513,36.50279980472868,0.517191495350372,-3.7029164556613314,5.48065,6.00534098987369,3.94035897226085
10.19,38.29802001718232,0.2945427968629455,0.20578469455988513,36.92595594695423,-0.8253507484549394,-2.7743316020461317,5.20108,5.6990063068454,3.45215738747904
10.20,38.29802001718232,0.2945427968629455,0.20578469455988513,38.28036671597805,-0.03735361878212662,0.32507370388635826,1.19892,1.31369881666944,0.509574586363999
10.21,38.29802001718232,0.2945427968629455,0.20578469455988513,34.77620089260788,0.3901096721225794,1.7905527583364722,4.19247,4.59383685143473,3.32575250311623
10.22,38.29802001718232,0.2945427968629455,0.20578469455988513,32.40050961374032,-0.8962884618241573,-3.752382521822084,6.52366,7.14820373532325,6.33059796296477
10.23,38.29802001718232,0.2945427968629455,0.20578469455988513,33.06433314687413,0.9232266584228432,-0.9133539683740532,5.62366,6.16204207732898,4.56607121225339
10.24,38.29802001718232,0.2945427968629455,0.20578469455988513,33.83876888404887,0.0431785952526853,-2.2571957124717046,5.90215,6.46719336636768,4.42006553069706
10.25,38.29802001718232,0.2945427968629455,0.20578469455988513,36.72833006364565,-0.9249948123110641,1.513168119423225,3.85699,4.22623961474149,2.55377413384359
10.26,38.29802001718232,0.2945427968629455,0.20578469455988513,35.95347127871227,1.0288526360368033,-3.410899178872051,5.72796,6.27632725613876,4.01877643815558
10.27,38.29802001718232,0.2945427968629455,0.20578469455988513,37.57004794231369,-0.5682317779913126,-0.26737899310899094,2.96774,3.25185710988437,1.49800802724988
10.28,38.29802001718232,0.2945427968629455,0.20578469455988513,36.81800426713012,-1.6500001007535292,0.37471748225472723,3.96559,4.34523645480613,3.08032104598976
10.29,38.29802001718232,0.2945427968629455,0.20578469455988513,35.22626159265954,-0.3038318699329079,-1.8083940357422668,5.18925,5.68604375971866,3.35524326477459
10.30,38.29802001718232,0.2945427968629455,0.20578469455988513,39.02416900084656,-0.11655492492765318,0.21942790759004183,1.86667,2.04537598014241,0.877397853123745
11.1,66.62751866233877,-1.5387224099520092,3.450588019005818,66.57261208006828,-1.7012770767591001,4.312946291883435,0.846612,0.927662548442054,0.751650539509826
11.2,66.62751866233877,-1.5387224099520092,3.450588019005818,67.11616783981873,-0.8451672957521805,2.4346488352552598,1.88997,2.07090660973271,1.32596015001052
11.3,66.62751866233877,-1.5387224099520092,3.450588019005818,66.4212412326924,-2.2008543619935206,4.794577712365178,1.87425,2.05368165277308,1.37495258532945
11.4,66.62751866233877,-1.5387224099520092,3.450588019005818,66.16771381979585,-3.1530725463367326,3.6965457604853036,2.57453,2.82100308150667,2.11371345938223
11.5,66.62751866233877,-1.5387224099520092,3.450588019005818,66.23547405157163,-1.7482095255397234,3.3922306130066637,1.33767,1.46573207227689,0.430761201194298
11.6,66.62751866233877,-1.5387224099520092,3.450588019005818,66.19467729361043,0.2586319190593933,0.38796878605686924,3.5458,3.88525778546233,3.77598357045846
11.7,66.62751866233877,-1.5387224099520092,3.450588019005818,66.09443790216548,-1.0845048978172511,1.7886728905232019,2.49919,2.73845039338079,1.63187279940638
11.8,66.62751866233877,-1.5387224099520092,3.450588019005818,66.62218372439379,-1.780739540403642,3.600451549184114,0.915989,1.00368136771613,0.339392235997671
11.9,66.62751866233877,-1.5387224099520092,3.450588019005818,67.06492202563886,-1.2754241956248746,3.165699323538651,2.16585,2.37319802996322,0.547584700188252
11.10,66.62751866233877,-1.5387224099520092,3.450588019005818,66.66636671876367,-2.818825028522487,6.82016364560305,3.22222,3.53069979735812,3.04479066971649
11.11,66.62751866233877,-1.5387224099520092,3.450588019005818,66.42583640128177,-1.9532029036791743,4.207631473369777,1.17669,1.28934062371698,0.82719108034491
11.12,66.62751866233877,-1.5387224099520092,3.450588019005818,66.70822080227879,-1.5305820275294257,3.6191782955892204,1.71328,1.87730116156492,0.16157502419074
11.13,66.62751866233877,-1.5387224099520092,3.450588019005818,65.59812641475432,-0.8617623810081576,2.4581591964813354,2.56423,2.80971700919851,1.49142663551099
11.14,66.62751866233877,-1.5387224099520092,3.450588019005818,66.76522637612833,-0.8897489638388656,2.20349422460282,2.64444,2.89760592762931,1.37951687277274
11.15,66.62751866233877,-1.5387224099520092,3.450588019005818,67.02795565974466,-1.38089899526872,3.2053837575442445,1.71165,1.87551511322878,0.433300245882931
11.16,66.62751866233877,-1.5387224099520092,3.450588019005818,66.11990646619677,-1.5901457006509134,3.6067570222298118,0.528997,0.579640620659997,0.435762643011206
11.17,66.62751866233877,-1.5387224099520092,3.450588019005818,66.19621752929511,-1.4538058530084719,4.144401426422117,1.02168,1.1194907141551,0.710450161883834
11.18,66.62751866233877,-1.5387224099520092,3.450588019005818,66.34841601278335,-1.7161957957793628,3.9723424737598156,0.889431,0.974580832923895,0.538254776584041
11.19,66.62751866233877,-1.5387224099520092,3.450588019005818,66.40821880505311,-1.4235179317290125,4.127868841597948,1.05474,1.15571571905876,0.643045286101641
11.20,66.62751866233877,-1.5387224099520092,3.450588019005818,65.9908573744901,0.42824171226063523,0.12547742736617185,1.71328,1.87730116156492,4.17662090780472
11.21,66.62751866233877,-1.5387224099520092,3.450588019005818,66.16617251529038,0.2585422265663495,0.3878342400667423,3.27642,3.59008864387289,3.77819186142696
11.22,66.62751866233877,-1.5387224099520092,3.450588019005818,66.24316701531536,-1.9200154226434174,4.089110767651705,1.12141,1.22876838321262,0.776831534539412
12.1,31.967998947782682,8.01890128830543,30.25559059922359,30.652374816255126,10.580040135663854,30.29673825185899,2.4946,2.73342096892502,2.25957139702257
12.2,31.967998947782682,8.01890128830543,30.25559059922359,32.03799565634853,8.234761556553755,30.50016629781358,0.151303,0.16578801926612,0.17928117844631
12.3,31.967998947782682,8.01890128830543,30.25559059922359,30.46033816940811,7.175620091542434,29.245167250820636,0.913541,1.00099900800639,1.36924005618637
12.4,31.967998947782682,8.01890128830543,30.25559059922359,30.03708555644019,6.908965743617851,29.70440660311806,2.50604,2.7459561793333,1.73466356915807
12.5,31.967998947782682,8.01890128830543,30.25559059922359,30.392748866892404,15.84525373657547,27.081138993877595,4.43865,4.86358493695143,6.9499434450494
12.6,31.967998947782682,8.01890128830543,30.25559059922359,30.66910295126692,14.281139542839993,28.919004407294757,4.35474,4.7716417983711,5.23446281904952
12.7,31.967998947782682,8.01890128830543,30.25559059922359,31.381987731996325,9.833377693067385,32.07361351074391,1.95105,2.13783411425526,1.43970895919913
12.8,31.967998947782682,8.01890128830543,30.25559059922359,29.904136390074783,9.454288620718398,30.9579234755194,1.67705,1.83760267615478,1.93344261356453
12.9,31.967998947782682,8.01890128830543,30.25559059922359,30.496465974144428,14.111896910216915,27.06277599868685,4.06675,4.45608102516469,5.70259444266138
12.10,31.967998947782682,8.01890128830543,30.25559059922359,29.852225367645502,5.838538399496384,29.88150708768913,3.12842,3.42791983789161,2.38987020807706
12.11,31.967998947782682,8.01890128830543,30.25559059922359,29.695782765178343,5.414230234506823,28.16114095533201,2.80992,3.07892818447919,2.73013441862291
12.12,31.967998947782682,8.01890128830543,30.25559059922359,29.432638991450943,5.083826036237971,28.986500762829998,2.90083,3.17854146928837,3.03767546016249
12.13,31.967998947782682,8.01890128830543,30.25559059922359,29.482996646274557,5.229534078318526,28.660021862636988,3.13477,3.43487775625635,2.92596293736192
12.14,31.967998947782682,8.01890128830543,30.25559059922359,29.384695598947793,5.37674559917431,29.246148531253862,2.7953,3.06290853621266,2.88861399089488
12.15,31.967998947782682,8.01890128830543,30.25559059922359,29.6009002592348,8.152920358706767,28.49866329483498,2.37508,2.60245870074338,2.03479101684303
12.16,31.967998947782682,8.01890128830543,30.25559059922359,33.63686255546085,10.701118199350045,34.4071432330704,2.83916,3.11096748101225,2.57708183230002
12.17,31.967998947782682,8.01890128830543,30.25559059922359,32.1751386167288,7.011659052467451,29.219867018707813,1.33376,1.46144774774049,0.817776503304161
12.18,31.967998947782682,8.01890128830543,30.25559059922359,31.697385819255416,6.75193980270386,28.78850985291911,1.33376,1.46144774774049,1.05810354442345
12.19,31.967998947782682,8.01890128830543,30.25559059922359,29.807636465582014,5.5478718562480545,28.40785474245203,2.81055,3.07961849763979,2.58149120588222
12.20,31.967998947782682,8.01890128830543,30.25559059922359,30.147292852709363,5.8731871461626675,28.226510126805792,2.54164,2.78496435158285,2.23769509397242
12.21,31.967998947782682,8.01890128830543,30.25559059922359,29.163860532231553,7.649835400722532,28.719684573242226,2.28099,2.49936097807596,2.28329037932531
12.22,31.967998947782682,8.01890128830543,30.25559059922359,28.647833870504762,7.1313450941138115,27.675698967204315,2.61348,2.86368196659431,2.8333281321269
12.23,31.967998947782682,8.01890128830543,30.25559059922359,28.74939534736415,7.4582097290650236,28.503838860859364,2.39161,2.62057120319521,2.61985628584657
12.24,31.967998947782682,8.01890128830543,30.25559059922359,30.428981893856644,11.115261476203091,31.03338141250663,2.95677,3.23983689500859,2.60637269882393
12.25,31.967998947782682,8.01890128830543,30.25559059922359,29.51818076645234,8.714905185079807,29.538808797426245,1.94342,2.12947365486581,2.04888316344592
12.26,31.967998947782682,8.01890128830543,30.25559059922359,29.953466540751627,10.394427929151352,30.10579291471252,2.65226,2.90617457670211,2.46920417911956
12.27,31.967998947782682,8.01890128830543,30.25559059922359,29.196996171801253,9.373288352028524,27.644585308291436,2.71329,2.97304729446587,2.88193177834288
12.28,31.967998947782682,8.01890128830543,30.25559059922359,31.29840915883159,12.445001257232358,32.74407496168326,3.31723,3.63480559638705,3.18306520720414
12.29,31.967998947782682,8.01890128830543,30.25559059922359,31.244856715152743,11.561046730589803,30.36350362287993,2.94406,3.22591010092736,2.8094038259543
13.1,76.58623714649367,-3.3945775788526977,88.3653281847494,76.55223491842874,-8.469423493423223,86.66730628757543,2.3819,2.60993161464063,2.80554351203595
13.2,76.58623714649367,-3.3945775788526977,88.3653281847494,76.81208176032399,-2.3568944240134337,94.34307993290211,1.24138,1.36022373222326,1.34488401055274
13.3,76.58623714649367,-3.3945775788526977,88.3653281847494,77.03683257131627,-6.361806784661028,91.91791178592372,1.96466,2.15274706999448,1.6849245051385
13.4,76.58623714649367,-3.3945775788526977,88.3653281847494,76.48476370619517,-7.172305200021489,91.3843480617824,2.10862,2.31048910586654,2.02735868232967
13.5,76.58623714649367,-3.3945775788526977,88.3653281847494,76.9796934921777,-6.569124725763098,92.23004885230324,2.13017,2.33410219889963,1.79163037106214
13.6,76.58623714649367,-3.3945775788526977,88.3653281847494,76.92248409890576,-2.8643593628125408,86.56704115582431,0.987069,1.08156622399417,0.507869773608745
13.7,76.58623714649367,-3.3945775788526977,88.3653281847494,77.27007318355346,-2.0825137594581156,88.6839104106173,0.82931,0.908704138434702,0.871230354592724
13.8,76.58623714649367,-3.3945775788526977,88.3653281847494,76.8108737258348,-3.9947950929943854,85.74395524729125,1.44655,1.58503571819069,0.674071293169496
13.9,76.58623714649367,-3.3945775788526977,88.3653281847494,76.24569567311909,-5.949116320527692,86.88408049402814,1.71336,1.87738882037897,1.47185605812651
13.10,76.58623714649367,-3.3945775788526977,88.3653281847494,76.48598027482379,-7.310276539840066,82.86377401427207,2.18017,2.38888895767709,2.56075269202978
13.11,76.58623714649367,-3.3945775788526977,88.3653281847494,76.30618947947615,-0.7862231299008426,91.26575356354827,1.58319,1.73475697257773,1.56810937712371
13.12,76.58623714649367,-3.3945775788526977,88.3653281847494,76.32267403624608,-2.5433586221921822,90.20898439222266,0.693534,0.759929599239335,0.640658816799447
13.13,76.58623714649367,-3.3945775788526977,88.3653281847494,76.63355581425223,-0.4610214797720058,87.40035480054179,1.61681,1.77159558917969,1.60810711588895
13.14,76.58623714649367,-3.3945775788526977,88.3653281847494,76.75768904513478,-3.5767446969538486,83.14074210682374,1.16034,1.27142535359675,1.10076416169682
13.15,76.58623714649367,-3.3945775788526977,88.3653281847494,77.03923688787849,-4.6537413532353185,82.49292641336487,1.48836,1.6308484058804,1.50039161865079
13.16,76.58623714649367,-3.3945775788526977,88.3653281847494,76.53826247710633,-3.0856057494221822,89.84017721489776,0.82931,0.908704138434702,0.353323980393311
13.17,76.58623714649367,-3.3945775788526977,88.3653281847494,75.96479736993852,0.45081123030721315,90.41549484924467,1.92414,2.10834788068123,2.19371014023843
13.18,76.58623714649367,-3.3945775788526977,88.3653281847494,75.79345543438222,0.7068237173186165,90.989815696087,1.79052,1.96193574652434,2.37748573984961
13.19,76.58623714649367,-3.3945775788526977,88.3653281847494,76.10116729968311,-2.943640129700331,83.50865788433948,0.822414,0.901147948664115,1.06971897855767
13.20,76.58623714649367,-3.3945775788526977,88.3653281847494,76.54676794384022,-1.7140663886212604,89.06065476796583,0.7625,0.83549807135626,0.934092405598753
13.21,76.58623714649367,-3.3945775788526977,88.3653281847494,76.44642539986512,-3.121544243611163,87.77763422614805,0.70819,0.775988693972184,0.207928067479303
13.22,76.58623714649367,-3.3945775788526977,88.3653281847494,75.58985025122932,-1.965026812168702,88.49359419447205,0.755603,0.827940785850498,1.06109025662001
13.23,76.58623714649367,-3.3945775788526977,88.3653281847494,76.45007803723433,3.5104686005711927,94.14535229296933,2.45345,2.68833146645117,3.90838900329348
13.24,76.58623714649367,-3.3945775788526977,88.3653281847494,76.98811840037673,-0.5363004565399065,84.88569691836355,1.4556,1.59495212152941,1.71781536584195
13.25,76.58623714649367,-3.3945775788526977,88.3653281847494,75.9487996395161,-2.2459204248733156,88.97496515990485,0.450862,0.494025352718461,0.791573809161546
13.26,76.58623714649367,-3.3945775788526977,88.3653281847494,76.76857269147744,-3.8300658466957627,87.98322188813286,1.07241,1.17507735961071,0.287048004531948
13.27,76.58623714649367,-3.3945775788526977,88.3653281847494,76.56923915485781,-2.010835785370091,89.61018616034202,0.923276,1.01166598994036,0.808020402099611
13.28,76.58623714649367,-3.3945775788526977,88.3653281847494,76.66083307019107,-2.971731056091831,88.89137828880139,0.748276,0.819912334219249,0.266008563433615
13.29,76.58623714649367,-3.3945775788526977,88.3653281847494,75.27617752949477,-1.9975931942578518,89.08653578384245,0.859483,0.941765755886548,1.22873741734449
13.30,76.58623714649367,-3.3945775788526977,88.3653281847494,76.67779748311615,-3.3803981627215096,86.64494865266703,0.772414,0.846361189886655,0.355351517899494
14.1,32.93648186267712,59.46504832528185,-0.02856990155777339,32.74672758713334,60.12568583615649,3.060677331559991,1.71901,1.88357972412082,1.44101244634765
14.2,32.93648186267712,59.46504832528185,-0.02856990155777339,34.03697437916599,59.84798870430516,2.7670842669713314,2.18945,2.39905738010618,1.56889815441147
14.3,32.93648186267712,59.46504832528185,-0.02856990155777339,33.531049268114785,61.77825922988653,-1.6849439629140428,1.85569,2.03334480791488,1.0771127137056
14.4,32.93648186267712,59.46504832528185,-0.02856990155777339,35.093071518739336,62.86094155085767,-3.244257254672145,2.88303,3.15903738316359,2.42624427738075
14.5,32.93648186267712,59.46504832528185,-0.02856990155777339,32.44710619970395,60.621754019686,0.1923696691329746,0.359186,0.393572734764813,0.510581133907215
14.6,32.93648186267712,59.46504832528185,-0.02856990155777339,33.439686881620304,66.6723509243958,-4.109603138285689,3.12015,3.41885810798982,2.58265184339815
14.7,32.93648186267712,59.46504832528185,-0.02856990155777339,34.567484804957346,63.96730723944952,5.532768433016022,3.35855,3.68008137384075,3.05236106549983
14.8,32.93648186267712,59.46504832528185,-0.02856990155777339,35.08908501136789,62.42245772065982,1.5651351696936433,2.63128,2.88318605271908,2.04762831903921
14.9,32.93648186267712,59.46504832528185,-0.02856990155777339,32.823242891902254,59.56442122841163,1.8846504121019514,0.972664,1.06578215879038,0.887477906515899
14.10,32.93648186267712,59.46504832528185,-0.02856990155777339,31.775016933638874,61.08228129942414,-1.0065594690735424,1.67514,1.83550982196948,1.11266166268282
14.11,32.93648186267712,59.46504832528185,-0.02856990155777339,31.591951561553167,51.509237949943305,3.541890492278632,3.45645,3.78735384752701,3.09270737043406
14.12,32.93648186267712,59.46504832528185,-0.02856990155777339,33.75904350198024,65.79927398893997,-3.9424391095798095,3.24984,3.56096400290679,2.44528198734247
14.13,32.93648186267712,59.46504832528185,-0.02856990155777339,31.811462083223205,52.5661785274881,-0.33915309598880894,3.2314,3.54075864626967,2.16038825382579
14.14,32.93648186267712,59.46504832528185,-0.02856990155777339,32.2624126093464,52.1636918542164,4.374780729164918,3.29943,3.61530151026228,3.08323796365354
14.15,32.93648186267712,59.46504832528185,-0.02856990155777339,34.30362830484485,68.69805498731635,-7.513858539922635,4.04132,4.42821647965047,4.04370162036526
14.16,32.93648186267712,59.46504832528185,-0.02856990155777339,34.19854546242411,63.09982260088665,-2.4277388072750705,2.71392,2.97373760762647,1.75714586083284
14.17,32.93648186267712,59.46504832528185,-0.02856990155777339,32.028975283278264,59.363588050484694,0.18342347541311366,1.0445,1.14449539086113,0.730404813499963
14.18,32.93648186267712,59.46504832528185,-0.02856990155777339,31.628677303193328,53.279891321637905,-5.008777303945067,4.00381,4.38711545321562,3.1415676665497
14.19,32.93648186267712,59.46504832528185,-0.02856990155777339,31.2262012910157,51.44949826896178,2.7127983954432056,3.54545,3.88487427815089,3.00067223111423
14.20,32.93648186267712,59.46504832528185,-0.02856990155777339,31.0200116381964,56.068967631223295,1.1827949471861499,2.81182,3.08101008131274,1.87844187551241
14.21,32.93648186267712,59.46504832528185,-0.02856990155777339,35.21436234447474,63.03865681738024,-0.9359148925441207,2.7349,2.99672613160949,2.12027364552083
14.22,32.93648186267712,59.46504832528185,-0.02856990155777339,34.679149023672586,61.43996201334559,-2.826488515723702,2.88557,3.16182055050949,1.95816007348485
14.23,32.93648186267712,59.46504832528185,-0.02856990155777339,33.43542924407931,61.91340739502071,1.5519927471014716,1.89574,2.07722900169563,1.04798041246689
14.24,32.93648186267712,59.46504832528185,-0.02856990155777339,32.29366487416378,58.748761091091644,-3.6517538473508804,2.94342,3.22520883041501,1.7444356800259
14.25,32.93648186267712,59.46504832528185,-0.02856990155777339,32.371619087339695,63.42043620462029,0.1217814655448457,1.92371,2.10787671455574,1.14545177304269
14.26,32.93648186267712,59.46504832528185,-0.02856990155777339,34.27688418202366,62.521252948780884,-0.22049588083076221,2.13922,2.34401860223835,1.3591255399573
14.27,32.93648186267712,59.46504832528185,-0.02856990155777339,32.64140009603806,59.01147206236182,-1.3477616930317904,1.98729,2.17754355701716,0.66184869816739
14.28,32.93648186267712,59.46504832528185,-0.02856990155777339,33.586128535127735,65.06305083459507,-2.9689355176348964,2.93961,3.22103407939617,2.01144796822804
14.29,32.93648186267712,59.46504832528185,-0.02856990155777339,34.08472555584432,60.99276278334539,1.4087202760374007,1.97203,2.16082263823828,1.20622246674733
14.30,32.93648186267712,59.46504832528185,-0.02856990155777339,32.38717981146505,59.81463117639016,4.296836771509083,1.90718,2.08976421210391,2.05362675324466
15.1,55.0342061242758,51.754901465448086,36.87113848049947,55.66075236553749,52.007640383327335,36.46070626299539,0.698816,0.765717272436586,0.653506067196858
15.2,55.0342061242758,51.754901465448086,36.87113848049947,54.522172071528274,58.66078745982478,40.77663449912395,3.52876,3.86658645807097,2.06338838941722
15.3,55.0342061242758,51.754901465448086,36.87113848049947,55.56944917607676,57.49841246055581,39.943341424532605,3.00338,3.29090911154094,1.75059717477619
15.4,55.0342061242758,51.754901465448086,36.87113848049947,54.93818034918395,53.68358833944858,29.526079330838183,4.19882,4.60079476979947,4.22411385154044
15.5,55.0342061242758,51.754901465448086,36.87113848049947,56.731814794841554,53.95518370638486,31.381930274961036,3.85195,4.22071710945672,3.71889625077462
15.6,55.0342061242758,51.754901465448086,36.87113848049947,54.63602047124721,56.2670668697588,32.7229980318639,3.87648,4.24759549331294,3.4371586090875
15.7,55.0342061242758,51.754901465448086,36.87113848049947,56.860434460393236,54.20041568248274,35.84382256017875,2.93993,3.22138471465234,2.16867939195371
15.8,55.0342061242758,51.754901465448086,36.87113848049947,55.621216229653,53.88950435563539,29.90750910714316,4.17428,4.57390542859149,4.12135747668652
15.9,55.0342061242758,51.754901465448086,36.87113848049947,56.01764053355265,53.3334917139065,28.06431564754299,4.55161,4.98735918238147,4.96902796234901
15.10,55.0342061242758,51.754901465448086,36.87113848049947,55.1361426357563,54.86136265152031,30.39422400987316,4.10491,4.49789427946364,4.10668708226855
15.11,55.0342061242758,51.754901465448086,36.87113848049947,55.247013935388196,54.31146614046134,28.775689563920036,4.71066,5.16163586205257,4.76918210577495
15.12,55.0342061242758,51.754901465448086,36.87113848049947,54.81181549217358,54.549908107094815,29.15485069148912,4.65651,5.10230180229658,4.64138893126731
15.13,55.0342061242758,51.754901465448086,36.87113848049947,56.71705829898232,53.67081083248376,31.070623012701894,3.96193,4.34122606406362,3.78270689027568
15.14,55.0342061242758,51.754901465448086,36.87113848049947,55.1916214523271,54.7946496756454,29.947806524765486,4.50677,4.93822641710984,4.31003735811582
15.15,55.0342061242758,51.754901465448086,36.87113848049947,56.50884585399106,50.44167423044726,38.220484771553956,2.51184,2.75231144335149,1.76245953426572
15.16,55.0342061242758,51.754901465448086,36.87113848049947,58.64988774478432,47.74415620802985,34.75185639914199,4.18782,4.58874168286843,3.55709194004779
15.17,55.0342061242758,51.754901465448086,36.87113848049947,56.24564091659083,51.81395555671631,44.42898655048025,4.74196,5.19593237304726,3.81431228414814
15.18,55.0342061242758,51.754901465448086,36.87113848049947,55.19983318565471,53.73561458266812,45.106836357964355,4.34518,4.76116657009285,3.4791995531306
15.19,55.0342061242758,51.754901465448086,36.87113848049947,55.38001412649872,51.23272503706916,35.75107548017479,1.19882,1.31358924315188,0.560191695532604
15.20,55.0342061242758,51.754901465448086,36.87113848049947,53.92606266605658,51.96813783830484,34.86422390066206,2.43486,2.66796174953771,1.49972002042167
15.21,55.0342061242758,51.754901465448086,36.87113848049947,54.11813321534137,51.50517403603316,35.97272089945027,1.41709,1.55275535991901,0.957393450194704
15.22,55.0342061242758,51.754901465448086,36.87113848049947,55.05482294068959,51.792550229654566,36.90489794417059,0.630288,0.69062873232655,0.0236856755726389
15.23,55.0342061242758,51.754901465448086,36.87113848049947,54.983644281216954,53.06666857704906,37.36548125379855,1.48308,1.6250629241535,0.407768803497574
15.24,55.0342061242758,51.754901465448086,36.87113848049947,55.73969402590615,54.24936775486666,43.89484210860424,4.21658,4.62025502651722,2.90096269510087
15.25,55.0342061242758,51.754901465448086,36.87113848049947,55.83762333759424,57.45668104260132,41.64861917539815,3.09222,3.38825422453673,2.01611142092216
15.26,55.0342061242758,51.754901465448086,36.87113848049947,57.03252480475467,55.21867966226901,37.56448706581258,2.70135,2.95996421646982,2.19252480427546
15.27,55.0342061242758,51.754901465448086,36.87113848049947,54.89058748302112,56.56024214873534,36.05948053256367,2.99831,3.2853537342009,2.12503405361645
15.28,55.0342061242758,51.754901465448086,36.87113848049947,56.0667623960545,55.583539084084535,35.00535039572248,3.03299,3.32335383008895,2.38967346914301
15.29,55.0342061242758,51.754901465448086,36.87113848049947,55.55116055964777,56.16820898469732,36.342749212114356,2.61844,2.86911681306503,1.93855838970906
15.30,55.0342061242758,51.754901465448086,36.87113848049947,56.3392234576249,55.3714033574404,34.9911190623389,2.91794,3.19728949814202,2.44398131415475
16.1,52.49560548503865,42.10832306274165,56.623256913085854,51.653554284656096,42.39688707821077,57.569867894946825,1.34604,1.47490337569624,0.882669036624531
16.2,52.49560548503865,42.10832306274165,56.623256913085854,52.01200687634031,47.86693316906976,55.42075159784816,3.1305,3.43019896705675,3.18840971850318
16.3,52.49560548503865,42.10832306274165,56.623256913085854,52.50336752940413,46.40700804920888,59.99490597431632,2.011,2.20352343802943,1.47553144042799
16.4,52.49560548503865,42.10832306274165,56.623256913085854,52.908976698816005,45.185293594164065,56.35732471553923,1.90029,2.08221459674438,1.63996011332613
16.5,52.49560548503865,42.10832306274165,56.623256913085854,53.33368599261779,44.536817409890794,58.96747038121165,1.36877,1.49980943623647,1.17707863906244
16.6,52.49560548503865,42.10832306274165,56.623256913085854,53.581735948407385,43.33152628318609,60.18215205275382,1.62243,1.77775362086628,1.50629734862722
16.7,52.49560548503865,42.10832306274165,56.623256913085854,54.88851677796714,36.41931711112206,61.30915050746351,4.06378,4.4528266916933,4.97216452385826
16.8,52.49560548503865,42.10832306274165,56.623256913085854,51.183078836685254,48.30780130734746,54.22364243704716,3.4934,3.82784126226355,3.97573661384567
16.9,52.49560548503865,42.10832306274165,56.623256913085854,50.38280141979726,48.90544529037372,54.26631453350318,4.06378,4.4528266916933,4.53073408913406
16.10,52.49560548503865,42.10832306274165,56.623256913085854,50.08511137756602,49.151264181873714,53.63724304448041,4.06378,4.4528266916933,4.96264912240802
16.11,52.49560548503865,42.10832306274165,56.623256913085854,51.192299523906556,37.24101251552803,55.79314618669466,3.93842,4.31546533008646,2.62068377087055
16.12,52.49560548503865,42.10832306274165,56.623256913085854,52.41899958955619,46.93185684675222,57.20160816546389,2.71554,2.97551269861086,2.18381822814982
16.13,52.49560548503865,42.10832306274165,56.623256913085854,52.534398130623075,45.62042499689889,55.11626025921026,2.18109,2.38989703403859,2.20246656916142
16.14,52.49560548503865,42.10832306274165,56.623256913085854,52.815714005724715,36.05158933233504,55.46033530175295,3.67742,4.02947844926812,2.84689851296758
16.15,52.49560548503865,42.10832306274165,56.623256913085854,51.98612625840589,36.85791068498151,53.99141120078544,3.54472,3.88407439147274,2.16154744629778
16.16,52.49560548503865,42.10832306274165,56.623256913085854,49.75344098421323,49.10236453654898,53.16238243707202,4.44868,4.87457516076219,5.25691992538277
16.17,52.49560548503865,42.10832306274165,56.623256913085854,47.139364692815974,33.41501232488253,50.13554700038815,5.2346,5.73573534992981,6.3108596599262
16.18,52.49560548503865,42.10832306274165,56.623256913085854,51.854166591360126,40.49071497543638,54.53742667656123,2.3629,2.58911264630519,0.901176800662739
16.19,52.49560548503865,42.10832306274165,56.623256913085854,51.903852630349775,44.43603277167202,51.392217763843696,2.57331,2.8196662845925,3.16367350030154
16.20,52.49560548503865,42.10832306274165,56.623256913085854,51.81572293673109,37.976293335849284,52.76247311813672,3.55205,3.89210613030951,1.65559970771858
16.21,52.49560548503865,42.10832306274165,56.623256913085854,51.02709651159843,40.20941831160463,53.043378012752854,3.10411,3.40128251577401,1.79449611231386
16.22,52.49560548503865,42.10832306274165,56.623256913085854,51.06760606848751,45.3258001169578,55.68331554763737,2.60191,2.8510043106132,2.34497510458807
16.23,52.49560548503865,42.10832306274165,56.623256913085854,50.95057355335622,43.56821233682256,50.86531774353612,2.65176,2.90562670911433,3.34271675810506
16.24,52.49560548503865,42.10832306274165,56.623256913085854,51.5054505835423,45.82987809417571,54.7425266692975,2.54472,2.78833921592355,2.62029979186859
16.25,52.49560548503865,42.10832306274165,56.623256913085854,50.96333952827236,42.97581973028086,54.136063753621386,2.00733,2.19950208993516,2.0399922446692
16.26,52.49560548503865,42.10832306274165,56.623256913085854,52.17807384179838,45.892674552232,57.32882305598343,2.18109,2.38989703403859,1.68785427781677
16.27,52.49560548503865,42.10832306274165,56.623256913085854,51.093044191946476,47.697236677614605,56.109760633916004,2.99413,3.28077356116711,3.17602153551937
16.28,52.49560548503865,42.10832306274165,56.623256913085854,50.291762305294654,36.99201758687448,48.593039689720065,2.10191,2.30313672283861,3.27767723386938
17.1,39.38949388717309,53.20531956837205,48.202713411201096,41.27169291378841,56.8629433296447,49.49585240924706,1.74893,1.91636412057325,2.03508878516534
17.2,39.38949388717309,53.20531956837205,48.202713411201096,40.20666926927199,52.2718519001506,45.747576691247374,0.902244,0.988620487728207,1.14466081254501
17.3,39.38949388717309,53.20531956837205,48.202713411201096,38.14582478173373,47.71294740826345,43.75285061317994,2.16186,2.36882604661278,2.05369298416404
17.4,39.38949388717309,53.20531956837205,48.202713411201096,41.309737726381044,46.057641883792996,45.40419443452621,3.04594,3.33754360061231,2.96333320894386
17.5,39.38949388717309,53.20531956837205,48.202713411201096,39.17669099197386,51.8092262467906,45.1538559624579,0.700321,0.767366353875787,1.08795118816046
17.6,39.38949388717309,53.20531956837205,48.202713411201096,39.62590811610053,52.377517867824494,45.809916326113985,0.980769,1.07466309238821,0.909159230192286
17.7,39.38949388717309,53.20531956837205,48.202713411201096,39.89865411510136,49.02610983461661,36.958416870993624,2.42468,2.65680716545062,4.37786087239558
17.8,39.38949388717309,53.20531956837205,48.202713411201096,37.420963718863824,49.695373930801644,42.90918638343121,2.08494,2.28454209690954,2.45401739722262
17.9,39.38949388717309,53.20531956837205,48.202713411201096,39.75675756330262,49.52659720823477,46.88887183606244,2.02511,2.21898426135643,1.28215424555661
17.10,39.38949388717309,53.20531956837205,48.202713411201096,39.891992772713905,51.45529486440789,44.24140508029616,1.28419,1.40713215508852,1.47879026437377
17.11,39.38949388717309,53.20531956837205,48.202713411201096,42.17732397979966,56.033876665232576,47.491271612456046,1.94444,2.13059130474487,2.85441137656627
17.12,39.38949388717309,53.20531956837205,48.202713411201096,38.480937765747214,51.39020503532227,42.52028296192819,1.27511,1.39718287969453,2.31693014750911
17.13,39.38949388717309,53.20531956837205,48.202713411201096,42.490768962531604,58.88880111847944,50.50439869011494,2.27564,2.49349879488677,3.27052916095736
17.14,39.38949388717309,53.20531956837205,48.202713411201096,39.993406230443966,56.39378033911019,44.10114368970819,2.38782,2.61641836687988,2.99152408756512
17.15,39.38949388717309,53.20531956837205,48.202713411201096,39.221089190314395,47.33317384296934,36.197395785567096,2.50107,2.74051037551082,4.4463983783203
17.16,39.38949388717309,53.20531956837205,48.202713411201096,41.27169291378841,55.456740044193765,44.37333457970711,2.03045,2.22483548719386,2.99913091395053
17.17,39.38949388717309,53.20531956837205,48.202713411201096,40.88843296572907,55.10540650456955,45.552684205388076,1.79968,1.97197268073237,2.27303081462934
17.18,39.38949388717309,53.20531956837205,48.202713411201096,42.495331069169126,57.24489159973606,50.876077337162364,2.25588,2.47184706781792,3.00730585359207
17.19,39.38949388717309,53.20531956837205,48.202713411201096,39.50626401824958,54.590823340426006,45.59554303253669,1.48611,1.62838300173541,1.65089470850715
17.20,39.38949388717309,53.20531956837205,48.202713411201096,39.45893831343694,48.772901488028346,44.88926402631701,2.06838,2.26639672240244,1.3789872929387
17.21,39.38949388717309,53.20531956837205,48.202713411201096,41.62483182155656,57.306536918879544,42.911883175922284,2.80769,3.07648469503772,4.27137524214553
17.22,39.38949388717309,53.20531956837205,48.202713411201096,39.22791334871189,53.29675371833029,47.999566159220656,0.441239,0.483481093124151,0.186471466986938
18.1,45.50793082378888,64.96247164816165,46.99777831742272,43.71507805158398,64.36531453422228,52.617760791215254,1.97329,2.16220326455947,3.11751614644831
18.2,45.50793082378888,64.96247164816165,46.99777831742272,44.00403818747054,64.18772456905636,52.32714132828683,1.89373,2.07502657399278,2.91419941393735
18.3,45.50793082378888,64.96247164816165,46.99777831742272,45.713534474818985,62.35066869665767,44.26659686824973,0.68583,0.751488055446904,0.922326284996487
18.4,45.50793082378888,64.96247164816165,46.99777831742272,47.14980397125906,63.69901436259023,47.46985411015173,2.15331,2.35945751086183,1.70299204444901
18.5,45.50793082378888,64.96247164816165,46.99777831742272,42.67572363844187,67.54036849485317,49.2180077729506,2.47445,2.7113419051377,2.74647227412914
18.6,45.50793082378888,64.96247164816165,46.99777831742272,43.40708145648827,66.13959983499734,45.89644904891771,1.96167,2.14947082181959,2.14157961241449
18.7,45.50793082378888,64.96247164816165,46.99777831742272,46.71231702754372,64.37169847612762,59.29411308482766,3.3223,3.64036097372709,5.54558676555529
18.8,45.50793082378888,64.96247164816165,46.99777831742272,43.47776216735756,68.17094262702456,45.27248248779038,2.41463,2.64579502693635,2.57486211065332
18.9,45.50793082378888,64.96247164816165,46.99777831742272,43.70340297859439,67.6661096587664,41.61333069967467,2.63124,2.88314222331206,3.55585058716342
18.10,45.50793082378888,64.96247164816165,46.99777831742272,44.67002607703494,65.57744777637691,51.02062785912387,1.48026,1.62197295095845,1.80641397666401
18.11,45.50793082378888,64.96247164816165,46.99777831742272,48.39833798418985,60.70673198991672,51.334456487292314,3.0302,3.32029672894917,4.28911608602839
18.12,45.50793082378888,64.96247164816165,46.99777831742272,46.88120081574824,55.85808625492883,31.31964527189861,3.53368,3.87197747513468,6.02593025718665
18.13,45.50793082378888,64.96247164816165,46.99777831742272,45.8743184980069,66.28343424283922,54.42937380784863,1.91405,2.09729191275993,2.93162997380496
18.14,45.50793082378888,64.96247164816165,46.99777831742272,43.94328335207199,68.0009463520655,55.820096568729326,1.65389,1.81222544948906,3.45878091301227
18.15,45.50793082378888,64.96247164816165,46.99777831742272,44.52976280094905,67.43826338146486,50.44798320696976,1.04065,1.14027681043527,1.43787642986995
18.16,45.50793082378888,64.96247164816165,46.99777831742272,45.67799464467799,66.53634362358923,59.143484428606406,2.59582,2.84433128339411,4.79750871431784
18.17,45.50793082378888,64.96247164816165,46.99777831742272,41.38725609913749,59.507894272711,33.49696027646025,3.91173,4.28622015825105,6.50487801400858
18.18,45.50793082378888,64.96247164816165,46.99777831742272,41.053546284445375,63.62765784480773,38.28907008443048,3.69454,4.04823743547352,5.52754451522776
18.19,45.50793082378888,64.96247164816165,46.99777831742272,44.084853748193964,62.17258002524295,41.23295576076049,2.0993,2.30027685403042,2.48270709360001
18.20,45.50793082378888,64.96247164816165,46.99777831742272,44.565244158461844,61.99127782949898,41.196344941539664,2.19164,2.40145704014064,2.2640041798928
18.21,45.50793082378888,64.96247164816165,46.99777831742272,43.43949764904247,61.56265365967467,40.134424703024564,2.89431,3.17139727594379,3.16030431354824
18.22,45.50793082378888,64.96247164816165,46.99777831742272,46.36242982762925,65.82670744978309,56.74039597926564,2.53426,2.7768778259873,4.06722604202423
18.23,45.50793082378888,64.96247164816165,46.99777831742272,45.028355134167086,66.42140791049017,48.194359744221686,0.990708,1.08555360429799,0.612805791123406
18.24,45.50793082378888,64.96247164816165,46.99777831742272,43.28742494459934,66.027944922814,42.66344328051582,2.64925,2.9028764138237,3.04551214141507
18.25,45.50793082378888,64.96247164816165,46.99777831742272,43.476291365354754,66.18449756105449,54.00661101291754,1.86063,2.0387577396821,3.3523849877992
18.26,45.50793082378888,64.96247164816165,46.99777831742272,42.92702426722576,68.25625064995461,52.26096076322466,1.97735,2.1666519493722,2.95009613639148
18.27,45.50793082378888,64.96247164816165,46.99777831742272,43.92155532227511,67.48079519240913,48.66159605365571,1.60221,1.75559785561667,1.6302840461413
18.28,45.50793082378888,64.96247164816165,46.99777831742272,44.67709289279064,66.87305192674914,43.9778615073399,1.58072,1.73205050669412,2.02940594114853
18.29,45.50793082378888,64.96247164816165,46.99777831742272,45.8593654578245,65.59059188487382,39.72412773852816,2.08827,2.28819089504412,3.47076139532747
18.30,45.50793082378888,64.96247164816165,46.99777831742272,44.996207722678875,66.09109692129861,38.49620097010664,2.67305,2.92895491100177,4.1659210988094
