Pair,L1,a1,b1,L2,a2,b2,DV,DV normF3,DECIEDE2000
1.1,64.46,-30.1,40.245,65.685,-29.885,40.815,1.0630077231390345,0.595541889498709,1.04646197867181
1.2,64.46,-30.1,40.245,66.47,-30.35,40.805,1.1166518009222757,0.62559557103018,1.65530543833131
1.3,64.46,-30.1,40.245,66.43,-30.19,40.02,0.7947873342228289,0.445273482401596,1.61547923608161
1.4,64.46,-30.1,40.245,65.835,-31.26,42.97,0.7411432564395877,0.415219800870125,1.46600064282006
1.5,64.46,-30.1,40.245,66.34,-29.845,40.77,0.7947873342228289,0.445273482401596,1.5643426010491
1.6,64.46,-30.1,40.245,66.555,-30.49,41.25,0.9557195675725523,0.535434526996009,1.74761464134554
1.7,64.46,-30.1,40.245,66.08,-30.315,41.25,1.1166518009222757,0.62559557103018,1.37619011826372
1.8,64.46,-30.1,40.245,66.455,-30.93,41.29,1.3848721898384815,0.775863978127292,1.68131634607193
1.9,64.46,-30.1,40.245,66.125,-30.88,41.895,1.33122811205524,0.745810296595821,1.47986945987955
1.10,64.46,-30.1,40.245,66.56,-30.405,41.325,1.1166518009222757,0.62559557103018,1.75799684391927
1.11,64.46,-30.1,40.245,65.695,-31.045,41.785,1.1702958787055167,0.655649252561651,1.15507160129422
1.12,64.46,-30.1,40.245,65.675,-30.11,39.375,0.8752534508976906,0.490354004698802,1.05802598628082
1.13,64.46,-30.1,40.245,65.93,-29.9,39.815,0.902075489789311,0.505380845464538,1.21573834048897
1.14,64.46,-30.1,40.245,65.925,-29.975,39.62,1.223939956488758,0.685702933532879,1.2236227384263
1.15,64.46,-30.1,40.245,65.775,-30.27,40.26,1.2507619953803784,0.700729774298615,1.08271906501259
1.16,64.46,-30.1,40.245,65.64,-30.45,40.49,1.1702958787055167,0.655649252561651,0.980443430232347
1.17,64.46,-30.1,40.245,65.49,-30.33,41.895,1.1702958787055167,0.655649252561651,1.0418459639596
1.18,64.46,-30.1,40.245,65.165,-29.835,39.735,0.5802110230898643,0.325058756835955,0.60895249220153
1.19,64.46,-30.1,40.245,65.805,-29.795,39.215,1.3848721898384815,0.775863978127292,1.16414773665417
1.20,64.46,-30.1,40.245,65.66,-30.65,41.56,1.1971179175971374,0.670676093327386,1.08675459525911
1.21,64.46,-30.1,40.245,65.355,-30.625,41.325,1.0630077231390345,0.595541889498709,0.827982326498767
1.22,64.46,-30.1,40.245,65.435,-29.87,39.6,0.8216093731144494,0.460300323167332,0.834265651337074
1.23,64.46,-30.1,40.245,64.965,-31.335,42.2,0.7947873342228289,0.445273482401596,0.816404373852587
1.24,64.46,-30.1,40.245,65.33,-30.355,40.725,0.8752534508976906,0.490354004698802,0.736452902436725
1.25,64.46,-30.1,40.245,65.075,-29.845,40.095,0.6874991786563465,0.385166119898896,0.517783248298365
1.26,64.46,-30.1,40.245,65.54,-30.795,41.145,1.2507619953803784,0.700729774298615,0.953461800583257
1.27,64.46,-30.1,40.245,65.365,-30.73,41.36,1.3044060731636198,0.730783455830086,0.843557321425956
1.28,64.46,-30.1,40.245,65.18,-30.735,42.0,1.0898297620306552,0.610568730264444,0.849713585767785
1.29,64.46,-30.1,40.245,65.365,-29.79,39.3,0.8484314120060701,0.475327163933067,0.817300970059799
1.30,64.46,-30.1,40.245,65.305,-30.41,41.13,1.0898297620306552,0.610568730264444,0.761631923594803
1.31,64.46,-30.1,40.245,65.185,-30.13,40.965,0.9557195675725523,0.535434526996009,0.659425344810803
1.32,64.46,-30.1,40.245,64.865,-30.45,41.135,1.0630077231390345,0.595541889498709,0.455998988428762
1.33,64.46,-30.1,40.245,64.685,-29.285,40.005,0.6338551008731055,0.355112438367425,0.38795805710591
1.34,64.46,-30.1,40.245,64.52,-30.335,41.31,0.8216093731144494,0.460300323167332,0.384536958181696
1.35,64.46,-30.1,40.245,64.785,-30.535,41.505,0.9557195675725523,0.535434526996009,0.514521736064687
1.36,64.46,-30.1,40.245,64.58,-29.505,39.985,0.9825416064641728,0.550461367201502,0.261821913062231
1.37,64.46,-30.1,40.245,64.645,-29.715,39.635,0.8484314120060701,0.475327163933067,0.270975514494835
1.38,64.46,-30.1,40.245,64.805,-29.65,39.72,1.0898297620306552,0.610568730264444,0.356511212429624
1.39,64.46,-30.1,40.245,64.42,-30.15,41.395,0.660677139764726,0.370139279133161,0.444303739156833
1.40,64.46,-30.1,40.245,64.96,-29.915,40.775,0.7679652953312082,0.430246641635861,0.488203997971417
1.41,64.46,-30.1,40.245,65.045,-29.635,39.565,1.4385162676217225,0.805917659658763,0.545735342366942
1.42,64.46,-30.1,40.245,64.945,-29.395,38.875,1.3848721898384815,0.775863978127292,0.632759684858548
1.43,64.46,-30.1,40.245,64.64,-30.3,39.695,0.6338551008731055,0.355112438367425,0.311825179533679
1.44,64.46,-30.1,40.245,64.675,-30.47,40.825,0.7679652953312082,0.430246641635861,0.275984661476642
1.45,64.46,-30.1,40.245,64.62,-29.945,39.16,0.8752534508976906,0.490354004698802,0.426595754694833
1.46,64.46,-30.1,40.245,64.505,-29.91,40.25,0.902075489789311,0.505380845464538,0.0953915496659332
1.47,64.46,-30.1,40.245,64.555,-29.62,39.83,0.7679652953312082,0.430246641635861,0.218518180276339
1.48,64.46,-30.1,40.245,64.585,-30.57,41.295,1.1434738398138964,0.640622411795915,0.379739556479468
1.49,64.46,-30.1,40.245,64.53,-30.51,41.08,0.9825416064641728,0.550461367201502,0.297996515047133
1.50,64.46,-30.1,40.245,64.585,-30.23,40.66,1.33122811205524,0.745810296595821,0.17901840637785
2.1,65.31,-10.12,13.085,65.185,-10.085,12.9,1.0630077231390345,0.595541889498709,0.153290387488623
2.2,65.31,-10.12,13.085,64.985,-9.99,14.145,1.1166518009222757,0.62559557103018,0.762031247591366
2.3,65.31,-10.12,13.085,65.155,-10.185,13.38,0.7947873342228289,0.445273482401596,0.220904998656797
2.4,65.31,-10.12,13.085,65.06,-10.17,13.14,0.7411432564395877,0.415219800870125,0.210605414776556
2.5,65.31,-10.12,13.085,64.82,-10.23,13.68,0.7947873342228289,0.445273482401596,0.542411363614201
2.6,65.31,-10.12,13.085,65.14,-10.345,13.47,0.9557195675725523,0.535434526996009,0.300490855678751
2.7,65.31,-10.12,13.085,65.05,-9.975,12.74,1.1166518009222757,0.62559557103018,0.308212754841294
2.8,65.31,-10.12,13.085,64.525,-10.145,11.905,1.3848721898384815,0.775863978127292,1.00626042816384
2.9,65.31,-10.12,13.085,65.435,-10.13,12.39,1.33122811205524,0.745810296595821,0.462397523289962
2.10,65.31,-10.12,13.085,65.285,-9.995,12.715,1.1166518009222757,0.62559557103018,0.233168576063553
2.11,65.31,-10.12,13.085,65.29,-9.995,12.795,1.1702958787055167,0.655649252561651,0.188311512176578
2.12,65.31,-10.12,13.085,65.24,-10.26,13.985,0.8752534508976906,0.490354004698802,0.552017333222086
2.13,65.31,-10.12,13.085,64.86,-10.01,12.89,0.902075489789311,0.505380845464538,0.393501361413981
2.14,65.31,-10.12,13.085,65.535,-10.065,12.64,1.223939956488758,0.685702933532879,0.332446463745755
2.15,65.31,-10.12,13.085,65.29,-10.085,12.645,1.2507619953803784,0.700729774298615,0.276674334332012
2.16,65.31,-10.12,13.085,65.265,-10.135,13.04,1.1702958787055167,0.655649252561651,0.0507680831237949
2.17,65.31,-10.12,13.085,65.12,-10.11,12.885,1.1702958787055167,0.655649252561651,0.200584507678305
2.18,65.31,-10.12,13.085,65.265,-10.365,13.64,0.5802110230898643,0.325058756835955,0.358005376062806
2.19,65.31,-10.12,13.085,65.24,-10.265,12.69,1.3848721898384815,0.775863978127292,0.319012962662229
2.20,65.31,-10.12,13.085,65.585,-10.085,12.86,1.1971179175971374,0.670676093327386,0.264428605525787
2.21,65.31,-10.12,13.085,65.075,-9.84,12.965,1.0630077231390345,0.595541889498709,0.304318909076213
2.22,65.31,-10.12,13.085,65.36,-10.155,13.23,0.8216093731144494,0.460300323167332,0.0980047623553663
2.23,65.31,-10.12,13.085,65.44,-10.1,13.285,0.7947873342228289,0.445273482401596,0.171095311021558
2.24,65.31,-10.12,13.085,64.95,-9.95,13.465,0.8752534508976906,0.490354004698802,0.434714366293519
2.25,65.31,-10.12,13.085,65.125,-10.135,13.175,0.6874991786563465,0.385166119898896,0.161541654867047
2.26,65.31,-10.12,13.085,65.33,-9.98,13.12,1.2507619953803784,0.700729774298615,0.131429840185488
2.27,65.31,-10.12,13.085,63.98,-10.09,12.385,1.3044060731636198,0.730783455830086,1.18578418652278
2.28,65.31,-10.12,13.085,64.99,-9.885,13.045,1.0898297620306552,0.610568730264444,0.330134889356254
2.29,65.31,-10.12,13.085,65.12,-9.99,13.125,0.8484314120060701,0.475327163933067,0.198709999148083
2.30,65.31,-10.12,13.085,64.835,-10.18,12.685,1.0898297620306552,0.610568730264444,0.47845939797979
2.31,65.31,-10.12,13.085,64.965,-10.015,13.515,0.9557195675725523,0.535434526996009,0.422380698517312
2.32,65.31,-10.12,13.085,65.235,-10.04,12.86,1.0630077231390345,0.595541889498709,0.154407924946124
2.33,65.31,-10.12,13.085,65.245,-10.085,13.275,0.6338551008731055,0.355112438367425,0.143739803233296
2.34,65.31,-10.12,13.085,64.935,-10.03,13.795,0.8216093731144494,0.460300323167332,0.570777387079447
2.35,65.31,-10.12,13.085,65.28,-9.95,13.4,0.9557195675725523,0.535434526996009,0.283297568858979
2.36,65.31,-10.12,13.085,65.285,-10.085,13.05,0.9825416064641728,0.550461367201502,0.0382732648285385
2.37,65.31,-10.12,13.085,65.35,-10.19,13.12,0.8484314120060701,0.475327163933067,0.0671010681212773
2.38,65.31,-10.12,13.085,65.23,-10.02,13.1,1.0898297620306552,0.610568730264444,0.11172538201069
2.39,65.31,-10.12,13.085,65.155,-10.19,13.345,0.660677139764726,0.370139279133161,0.204218175511964
2.40,65.31,-10.12,13.085,65.18,-10.23,13.205,0.7679652953312082,0.430246641635861,0.149008890681465
2.41,65.31,-10.12,13.085,65.21,-10.05,12.635,1.4385162676217225,0.805917659658763,0.290562435278466
2.42,65.31,-10.12,13.085,65.45,-10.025,12.355,1.3848721898384815,0.775863978127292,0.469292833150755
2.43,65.31,-10.12,13.085,65.3,-10.125,13.11,0.6338551008731055,0.355112438367425,0.0174086166471392
2.44,65.31,-10.12,13.085,65.37,-10.27,13.31,0.7679652953312082,0.430246641635861,0.171275761477151
2.45,65.31,-10.12,13.085,65.34,-10.215,13.39,0.8752534508976906,0.490354004698802,0.190219284510955
2.46,65.31,-10.12,13.085,65.46,-10.28,13.655,0.902075489789311,0.505380845464538,0.37045708447557
2.47,65.31,-10.12,13.085,65.16,-10.11,13.215,0.7679652953312082,0.430246641635861,0.150164996813235
2.48,65.31,-10.12,13.085,65.27,-10.015,13.005,1.1434738398138964,0.640622411795915,0.0971603926119435
2.49,65.31,-10.12,13.085,65.465,-9.945,12.015,0.9825416064641728,0.550461367201502,0.679037218283667
2.50,65.31,-10.12,13.085,65.81,-9.595,11.49,1.33122811205524,0.745810296595821,1.09484739549437
3.1,50.595,-26.245,-17.51,50.625,-26.28,-17.93,1.3465549914218806,0.754397062507566,0.231895104951547
3.2,50.595,-26.245,-17.51,50.465,-26.34,-17.665,0.8867486104226707,0.496794078992551,0.153951384007226
3.3,50.595,-26.245,-17.51,50.345,-26.09,-18.15,1.3465549914218806,0.754397062507566,0.465869422713355
3.4,50.595,-26.245,-17.51,50.795,-25.555,-18.69,1.2545937152220388,0.702876465916612,0.869385842915846
3.5,50.595,-26.245,-17.51,50.81,-26.305,-17.325,0.42694222942346105,0.239191095477535,0.245330608213706
3.6,50.595,-26.245,-17.51,50.72,-25.47,-18.825,1.4385162676217225,0.805917659658763,0.952312348722069
3.7,50.595,-26.245,-17.51,50.265,-26.015,-17.625,0.610864781823145,0.342232289219687,0.362751112149697
3.8,50.595,-26.245,-17.51,50.73,-26.485,-17.745,0.8867486104226707,0.496794078992551,0.195751207614916
3.9,50.595,-26.245,-17.51,50.895,-25.745,-18.1,1.3465549914218806,0.754397062507566,0.567338858937342
3.10,50.595,-26.245,-17.51,50.54,-26.515,-16.8,0.7947873342228289,0.445273482401596,0.472945280877979
3.11,50.595,-26.245,-17.51,50.31,-25.7,-17.625,1.3465549914218806,0.754397062507566,0.415668996966332
3.12,50.595,-26.245,-17.51,50.52,-25.04,-19.08,1.4385162676217225,0.805917659658763,1.22979708992257
3.13,50.595,-26.245,-17.51,50.45,-25.41,-18.55,1.4385162676217225,0.805917659658763,0.842219966690437
3.14,50.595,-26.245,-17.51,50.18,-25.92,-18.115,1.0706711628223546,0.599835272734702,0.594497571662985
3.15,50.595,-26.245,-17.51,50.225,-26.34,-17.65,0.7028260580229869,0.393752885810641,0.377452217330332
3.16,50.595,-26.245,-17.51,50.815,-25.98,-17.235,0.3349809532236191,0.187670498886581,0.27381352631515
3.17,50.595,-26.245,-17.51,50.56,-26.48,-17.62,0.7947873342228289,0.445273482401596,0.115763279420376
3.18,50.595,-26.245,-17.51,50.615,-26.53,-17.735,1.2545937152220388,0.702876465916612,0.152730014253559
3.19,50.595,-26.245,-17.51,50.125,-25.425,-18.035,1.3465549914218806,0.754397062507566,0.751771586627364
3.20,50.595,-26.245,-17.51,50.39,-26.01,-17.41,0.3349809532236191,0.187670498886581,0.232576539921358
3.21,50.595,-26.245,-17.51,50.595,-26.38,-17.56,0.7947873342228289,0.445273482401596,0.0626125798801107
3.22,50.595,-26.245,-17.51,50.705,-26.06,-17.53,0.8867486104226707,0.496794078992551,0.146573674157825
3.23,50.595,-26.245,-17.51,50.8,-26.05,-17.43,0.7947873342228289,0.445273482401596,0.224056904828069
3.24,50.595,-26.245,-17.51,50.67,-26.085,-17.285,0.3349809532236191,0.187670498886581,0.144102903430916
3.25,50.595,-26.245,-17.51,50.71,-26.255,-17.465,0.518903505623303,0.290711692628732,0.118109991246966
3.26,50.595,-26.245,-17.51,50.68,-26.16,-17.56,0.9787098866225127,0.548314676143748,0.103294274831005
3.27,50.595,-26.245,-17.51,50.96,-25.65,-18.115,1.4385162676217225,0.805917659658763,0.640322777182957
3.28,50.595,-26.245,-17.51,50.775,-26.11,-17.44,0.7028260580229869,0.393752885810641,0.190933637687019
3.29,50.595,-26.245,-17.51,50.73,-26.23,-16.685,1.0706711628223546,0.599835272734702,0.486217707780336
3.30,50.595,-26.245,-17.51,50.71,-25.965,-17.23,0.42694222942346105,0.239191095477535,0.204254560235216
3.31,50.595,-26.245,-17.51,50.435,-26.195,-17.36,0.610864781823145,0.342232289219687,0.178372570892421
3.32,50.595,-26.245,-17.51,50.395,-26.305,-17.33,0.518903505623303,0.290711692628732,0.231087536974406
3.33,50.595,-26.245,-17.51,50.345,-26.49,-17.495,0.8867486104226707,0.496794078992551,0.279389962438239
3.34,50.595,-26.245,-17.51,50.6,-26.155,-18.345,1.4385162676217225,0.805917659658763,0.484683689617368
3.35,50.595,-26.245,-17.51,50.65,-25.38,-18.585,1.4385162676217225,0.805917659658763,0.859913426033465
3.36,50.595,-26.245,-17.51,50.31,-26.07,-18.125,1.2545937152220388,0.702876465916612,0.478901240822684
3.37,50.595,-26.245,-17.51,50.46,-25.985,-17.19,0.610864781823145,0.342232289219687,0.225255073127399
3.38,50.595,-26.245,-17.51,50.645,-25.76,-17.2,0.610864781823145,0.342232289219687,0.247589866722496
3.39,50.595,-26.245,-17.51,50.475,-26.02,-17.385,0.42694222942346105,0.239191095477535,0.161866928696432
3.40,50.595,-26.245,-17.51,50.475,-26.335,-17.315,0.7028260580229869,0.393752885810641,0.179288800736281
3.41,50.595,-26.245,-17.51,50.47,-26.235,-17.205,0.610864781823145,0.342232289219687,0.211659621696046
3.42,50.595,-26.245,-17.51,50.39,-26.425,-17.795,0.7028260580229869,0.393752885810641,0.255218690039294
3.43,50.595,-26.245,-17.51,50.365,-26.865,-17.335,0.610864781823145,0.342232289219687,0.423183565737451
3.44,50.595,-26.245,-17.51,50.3,-26.08,-17.42,0.7028260580229869,0.393752885810641,0.305319828232357
3.45,50.595,-26.245,-17.51,50.645,-26.41,-17.615,0.7947873342228289,0.445273482401596,0.0957781262459254
3.46,50.595,-26.245,-17.51,50.43,-25.94,-17.8,0.9787098866225127,0.548314676143748,0.308416281761803
3.47,50.595,-26.245,-17.51,50.6,-26.6,-17.55,0.7028260580229869,0.393752885810641,0.169324530676207
3.48,50.595,-26.245,-17.51,50.675,-26.435,-17.315,0.518903505623303,0.290711692628732,0.187310732054567
3.49,50.595,-26.245,-17.51,50.37,-25.915,-17.87,1.0706711628223546,0.599835272734702,0.378130525662577
3.50,50.595,-26.245,-17.51,50.535,-26.025,-18.495,1.3465549914218806,0.754397062507566,0.60118459437465
4.1,49.93,-16.24,-10.795,49.49,-16.285,-11.195,1.1702958787055167,0.655649252561651,0.510028337973891
4.2,49.93,-16.24,-10.795,48.9,-16.115,-10.645,1.0630077231390345,0.595541889498709,1.03487976023619
4.3,49.93,-16.24,-10.795,49.44,-15.32,-10.605,1.0898297620306552,0.610568730264444,0.798791444223734
4.4,49.93,-16.24,-10.795,49.34,-16.25,-11.115,1.036185684247414,0.580515048732973,0.626343407835638
4.5,49.93,-16.24,-10.795,50.19,-16.36,-10.53,1.0630077231390345,0.595541889498709,0.339470906105019
4.6,49.93,-16.24,-10.795,49.6,-16.53,-10.905,1.036185684247414,0.580515048732973,0.382312968686146
4.7,49.93,-16.24,-10.795,50.48,-15.53,-10.515,1.0093636453557935,0.565488207967238,0.732185427835936
4.8,49.93,-16.24,-10.795,50.78,-16.09,-11.28,1.1971179175971374,0.670676093327386,0.926054753634451
4.9,49.93,-16.24,-10.795,49.36,-16.085,-11.02,0.9825416064641728,0.550461367201502,0.607410729311128
4.10,49.93,-16.24,-10.795,49.63,-16.565,-10.9,0.6874991786563465,0.385166119898896,0.369572156962627
4.11,49.93,-16.24,-10.795,49.955,-16.275,-10.845,1.1434738398138964,0.640622411795915,0.042956835279062
4.12,49.93,-16.24,-10.795,49.52,-16.08,-11.06,0.9288975286809318,0.520407686230273,0.473221524911691
4.13,49.93,-16.24,-10.795,48.67,-16.21,-10.885,1.1434738398138964,0.640622411795915,1.25987228239543
4.14,49.93,-16.24,-10.795,49.695,-16.175,-10.855,0.8484314120060701,0.475327163933067,0.244975628665693
4.15,49.93,-16.24,-10.795,48.685,-16.2,-11.045,1.1702958787055167,0.655649252561651,1.25558254537558
4.16,49.93,-16.24,-10.795,49.755,-15.995,-10.865,0.9825416064641728,0.550461367201502,0.259873282319079
4.17,49.93,-16.24,-10.795,49.455,-16.345,-10.995,0.7947873342228289,0.445273482401596,0.492645101470724
4.18,49.93,-16.24,-10.795,49.75,-16.005,-10.91,0.8216093731144494,0.460300323167332,0.270979405964219
4.19,49.93,-16.24,-10.795,49.335,-15.585,-10.855,1.0093636453557935,0.565488207967238,0.763693616286965
4.20,49.93,-16.24,-10.795,49.605,-15.835,-10.72,0.7679652953312082,0.430246641635861,0.426032110546206
4.21,49.93,-16.24,-10.795,49.79,-16.06,-11.01,1.036185684247414,0.580515048732973,0.259278699053408
4.22,49.93,-16.24,-10.795,49.665,-16.405,-10.63,1.0093636453557935,0.565488207967238,0.321652118544389
4.23,49.93,-16.24,-10.795,49.795,-16.255,-10.925,1.0093636453557935,0.565488207967238,0.159068345312644
4.24,49.93,-16.24,-10.795,49.71,-16.08,-10.965,0.9288975286809318,0.520407686230273,0.285788634196954
4.25,49.93,-16.24,-10.795,49.875,-16.135,-10.92,0.9288975286809318,0.520407686230273,0.138454216362745
4.26,49.93,-16.24,-10.795,50.575,-16.07,-11.11,1.2507619953803784,0.700729774298615,0.699574321336938
4.27,49.93,-16.24,-10.795,49.245,-16.245,-11.115,0.9825416064641728,0.550461367201502,0.716677294197406
4.28,49.93,-16.24,-10.795,49.305,-15.56,-10.995,1.0898297620306552,0.610568730264444,0.82500648214598
4.29,49.93,-16.24,-10.795,49.8,-15.925,-10.375,0.9557195675725523,0.535434526996009,0.329136203418095
4.30,49.93,-16.24,-10.795,50.705,-16.055,-11.34,1.1166518009222757,0.62559557103018,0.881375340182104
4.31,49.93,-16.24,-10.795,49.475,-16.335,-10.91,1.1702958787055167,0.655649252561651,0.462727457976364
4.32,49.93,-16.24,-10.795,49.37,-16.405,-11.255,1.1702958787055167,0.655649252561651,0.631297423466139
4.33,49.93,-16.24,-10.795,49.78,-16.12,-10.89,0.7947873342228289,0.445273482401596,0.192062896872829
4.34,49.93,-16.24,-10.795,49.705,-16.065,-11.01,0.9557195675725523,0.535434526996009,0.311531629213727
4.35,49.93,-16.24,-10.795,49.8,-16.05,-10.99,0.8752534508976906,0.490354004698802,0.249526310352824
4.36,49.93,-16.24,-10.795,49.215,-15.955,-10.445,1.1434738398138964,0.640622411795915,0.760167308616988
4.37,49.93,-16.24,-10.795,49.425,-16.36,-11.075,0.9288975286809318,0.520407686230273,0.535846857932968
4.38,49.93,-16.24,-10.795,49.56,-15.835,-10.17,0.8752534508976906,0.490354004698802,0.569269076439599
4.39,49.93,-16.24,-10.795,49.79,-15.98,-10.785,0.9288975286809318,0.520407686230273,0.229198947397079
4.40,49.93,-16.24,-10.795,50.11,-16.255,-10.65,0.7143212175479672,0.400192960664632,0.206279766270629
4.41,49.93,-16.24,-10.795,50.045,-16.205,-10.72,1.1434738398138964,0.640622411795915,0.124899021486571
4.42,49.93,-16.24,-10.795,49.905,-16.05,-10.955,0.9557195675725523,0.535434526996009,0.196424564398923
4.43,49.93,-16.24,-10.795,50.38,-16.39,-11.185,1.0093636453557935,0.565488207967238,0.513946136060559
4.44,49.93,-16.24,-10.795,49.985,-16.065,-10.92,0.9288975286809318,0.520407686230273,0.177191185060732
4.45,49.93,-16.24,-10.795,50.315,-16.145,-10.895,0.9825416064641728,0.550461367201502,0.399787631096855
4.46,49.93,-16.24,-10.795,49.785,-16.185,-10.855,0.9557195675725523,0.535434526996009,0.158301448291435
4.47,49.93,-16.24,-10.795,49.8,-16.195,-10.96,0.6874991786563465,0.385166119898896,0.179219819467092
4.48,49.93,-16.24,-10.795,49.665,-16.09,-11.08,0.7679652953312082,0.430246641635861,0.359932799635064
4.49,49.93,-16.24,-10.795,49.535,-16.26,-10.87,0.8484314120060701,0.475327163933067,0.397779165184995
4.50,49.93,-16.24,-10.795,49.47,-16.27,-11.22,0.9825416064641728,0.550461367201502,0.536771431704734
4.51,49.93,-16.24,-10.795,49.44,-16.385,-11.175,1.1434738398138964,0.640622411795915,0.546323402427818
4.52,49.93,-16.24,-10.795,49.075,-15.975,-11.1,1.0630077231390345,0.595541889498709,0.910514095721775
4.53,49.93,-16.24,-10.795,48.585,-16.905,-11.02,1.223939956488758,0.685702933532879,1.41241695839222
4.54,49.93,-16.24,-10.795,49.745,-16.18,-10.885,0.9557195675725523,0.535434526996009,0.202834941533002
4.55,49.93,-16.24,-10.795,49.42,-16.34,-10.99,0.9825416064641728,0.550461367201502,0.525530062462488
4.56,49.93,-16.24,-10.795,50.025,-16.135,-10.97,0.8484314120060701,0.475327163933067,0.182556240254878
4.57,49.93,-16.24,-10.795,49.72,-16.05,-10.98,0.7143212175479672,0.400192960664632,0.295346688116374
4.58,49.93,-16.24,-10.795,49.76,-15.97,-11.095,0.8216093731144494,0.460300323167332,0.357999110890248
4.59,49.93,-16.24,-10.795,49.85,-16.155,-10.945,0.6338551008731055,0.355112438367425,0.153656362600498
4.60,49.93,-16.24,-10.795,49.42,-16.445,-11.155,0.7947873342228289,0.445273482401596,0.562900037230728
5.1,60.79,34.78,62.19,60.725,34.33,62.635,0.9288975286809318,0.520407686230273,0.374963467613528
5.2,60.79,34.78,62.19,60.075,35.215,62.52,1.1971179175971374,0.670676093327386,0.64971644253842
5.3,60.79,34.78,62.19,60.91,34.305,64.9,1.1971179175971374,0.670676093327386,1.1527992021612
5.4,60.79,34.78,62.19,60.67,34.46,59.805,0.902075489789311,0.505380845464538,0.773400765968345
5.5,60.79,34.78,62.19,60.87,34.1,60.725,0.5802110230898643,0.325058756835955,0.399434301166017
5.6,60.79,34.78,62.19,61.155,33.89,62.305,0.9557195675725523,0.535434526996009,0.601806859923132
5.7,60.79,34.78,62.19,61.03,34.29,59.52,0.660677139764726,0.370139279133161,0.848475092994905
5.8,60.79,34.78,62.19,60.44,34.125,61.985,0.6874991786563465,0.385166119898896,0.435199753436074
5.9,60.79,34.78,62.19,60.61,34.77,61.115,1.0898297620306552,0.610568730264444,0.417432022900453
5.10,60.79,34.78,62.19,60.07,34.88,64.445,0.9288975286809318,0.520407686230273,0.992238737181193
5.11,60.79,34.78,62.19,61.19,34.185,58.675,1.036185684247414,0.580515048732973,1.15564997160803
5.12,60.79,34.78,62.19,60.795,34.36,59.31,1.0630077231390345,0.595541889498709,0.9184925936398
5.13,60.79,34.78,62.19,60.535,34.73,59.2,1.1702958787055167,0.655649252561651,1.10390099539957
5.14,60.79,34.78,62.19,60.67,33.96,60.145,0.9288975286809318,0.520407686230273,0.563456121177026
5.15,60.79,34.78,62.19,60.535,33.945,59.405,0.7411432564395877,0.415219800870125,0.819454025612766
5.16,60.79,34.78,62.19,61.19,33.705,59.725,0.7947873342228289,0.445273482401596,0.750930260468602
5.17,60.79,34.78,62.19,60.95,34.195,63.37,0.9825416064641728,0.550461367201502,0.690867835928788
5.18,60.79,34.78,62.19,61.055,34.015,56.39,1.277584034271999,0.71575661506435,1.92406213599147
5.19,60.79,34.78,62.19,60.73,34.81,62.95,0.8752534508976906,0.490354004698802,0.267392095688157
5.20,60.79,34.78,62.19,61.28,33.52,59.97,0.9288975286809318,0.520407686230273,0.747724125805414
5.21,60.79,34.78,62.19,60.965,34.585,64.695,1.2507619953803784,0.700729774298615,0.97498503434945
5.22,60.79,34.78,62.19,60.665,34.465,63.065,0.9825416064641728,0.550461367201502,0.459624984858513
5.23,60.79,34.78,62.19,60.645,34.51,58.105,1.1434738398138964,0.640622411795915,1.42227897267333
5.24,60.79,34.78,62.19,60.935,34.37,59.195,0.8484314120060701,0.475327163933067,0.971945771592885
5.25,60.79,34.78,62.19,60.645,34.345,59.03,0.9288975286809318,0.520407686230273,1.0250323849251
5.26,60.79,34.78,62.19,61.425,33.325,63.24,1.2507619953803784,0.700729774298615,1.21064592811082
5.27,60.79,34.78,62.19,60.825,34.725,60.605,0.7411432564395877,0.415219800870125,0.55870223207128
5.28,60.79,34.78,62.19,60.895,34.585,62.28,0.8752534508976906,0.490354004698802,0.15850707077845
5.29,60.79,34.78,62.19,60.08,35.31,64.355,1.036185684247414,0.580515048732973,0.874478683415297
5.30,60.79,34.78,62.19,61.345,33.345,58.25,0.7411432564395877,0.415219800870125,1.19195568971513
5.31,60.79,34.78,62.19,61.555,33.415,59.12,0.7679652953312082,0.430246641635861,1.06334783497545
5.32,60.79,34.78,62.19,60.995,34.235,61.76,0.6338551008731055,0.355112438367425,0.2850552095019
5.33,60.79,34.78,62.19,60.24,34.79,62.595,0.8216093731144494,0.460300323167332,0.500885983699068
5.34,60.79,34.78,62.19,60.53,35.14,65.385,0.9557195675725523,0.535434526996009,1.03560195015058
5.35,60.79,34.78,62.19,60.15,35.815,63.49,1.1702958787055167,0.655649252561651,0.698396010826094
5.36,60.79,34.78,62.19,61.34,32.85,62.165,0.8752534508976906,0.490354004698802,1.15022728697431
5.37,60.79,34.78,62.19,60.625,34.515,63.42,0.8484314120060701,0.475327163933067,0.5653951227574
5.38,60.79,34.78,62.19,60.22,34.495,63.585,1.0630077231390345,0.595541889498709,0.789585027919324
5.39,60.79,34.78,62.19,59.8,34.78,63.64,0.9825416064641728,0.550461367201502,1.01029446601391
5.40,60.79,34.78,62.19,60.075,35.135,63.69,0.6070330619814848,0.34008559760169,0.759345477762566
5.41,60.79,34.78,62.19,60.72,34.615,62.38,1.036185684247414,0.580515048732973,0.156835112651516
5.42,60.79,34.78,62.19,60.695,34.725,63.25,1.0630077231390345,0.595541889498709,0.408903722901138
5.43,60.79,34.78,62.19,60.31,34.46,62.72,1.1166518009222757,0.62559557103018,0.534961456553741
5.44,60.79,34.78,62.19,60.57,34.4,60.725,0.8484314120060701,0.475327163933067,0.463597499076796
5.45,60.79,34.78,62.19,60.995,33.9,61.94,0.6874991786563465,0.385166119898896,0.458387437401413
5.46,60.79,34.78,62.19,60.275,34.82,63.575,1.0093636453557935,0.565488207967238,0.658485624407557
5.47,60.79,34.78,62.19,61.31,33.585,58.935,0.902075489789311,0.505380845464538,1.00319446768438
5.48,60.79,34.78,62.19,60.63,34.525,64.07,0.8484314120060701,0.475327163933067,0.781789086866572
5.49,60.79,34.78,62.19,61.6,32.3,58.185,1.0898297620306552,0.610568730264444,1.35116244444854
5.50,60.79,34.78,62.19,61.225,33.815,59.01,1.036185684247414,0.580515048732973,0.976814679521619
6.1,63.155,13.505,21.46,62.925,13.675,20.875,0.9288975286809318,0.520407686230273,0.475320800056039
6.2,63.155,13.505,21.46,62.88,13.405,20.985,0.9288975286809318,0.520407686230273,0.345008981839325
6.3,63.155,13.505,21.46,62.745,13.57,21.21,1.0898297620306552,0.610568730264444,0.390592399028167
6.4,63.155,13.505,21.46,63.105,13.935,20.82,0.9825416064641728,0.550461367201502,0.629133563194825
6.5,63.155,13.505,21.46,62.89,13.495,21.135,0.7679652953312082,0.430246641635861,0.293834357324074
6.6,63.155,13.505,21.46,63.01,12.74,22.255,1.3044060731636198,0.730783455830086,0.943255884965444
6.7,63.155,13.505,21.46,63.005,13.385,21.18,0.8216093731144494,0.460300323167332,0.193885716505927
6.8,63.155,13.505,21.46,62.925,13.42,21.01,0.9288975286809318,0.520407686230273,0.311493130711274
6.9,63.155,13.505,21.46,63.155,13.68,19.965,1.3044060731636198,0.730783455830086,0.983432057804284
6.10,63.155,13.505,21.46,63.125,13.315,22.4,0.902075489789311,0.505380845464538,0.6408524422666
6.11,63.155,13.505,21.46,63.615,12.785,19.965,1.223939956488758,0.685702933532879,0.89381118756467
6.12,63.155,13.505,21.46,62.89,13.72,20.575,1.1166518009222757,0.62559557103018,0.673310606303651
6.13,63.155,13.505,21.46,63.475,12.495,19.985,1.223939956488758,0.685702933532879,0.916737370210412
6.14,63.155,13.505,21.46,63.18,13.415,20.995,0.49974490641500263,0.279978234538748,0.252236786605093
6.15,63.155,13.505,21.46,63.395,13.06,21.38,0.9557195675725523,0.535434526996009,0.393432229741731
6.16,63.155,13.505,21.46,63.3,12.93,21.24,0.9825416064641728,0.550461367201502,0.434285549441542
6.17,63.155,13.505,21.46,63.22,12.31,20.635,1.1434738398138964,0.640622411795915,0.85917883057924
6.18,63.155,13.505,21.46,63.055,12.095,20.44,1.0630077231390345,0.595541889498709,1.02168765888628
6.19,63.155,13.505,21.46,63.2,12.595,21.255,0.8484314120060701,0.475327163933067,0.688808003366364
6.20,63.155,13.505,21.46,62.825,13.505,21.27,0.8484314120060701,0.475327163933067,0.300856308929364
6.21,63.155,13.505,21.46,62.91,13.825,21.465,0.9825416064641728,0.550461367201502,0.326742104888405
6.22,63.155,13.505,21.46,62.935,13.365,21.68,0.8216093731144494,0.460300323167332,0.279756282308299
6.23,63.155,13.505,21.46,62.64,13.49,21.135,0.8216093731144494,0.460300323167332,0.474566597283288
6.24,63.155,13.505,21.46,63.07,13.545,20.8,0.9288975286809318,0.520407686230273,0.419022795887484
6.25,63.155,13.505,21.46,62.955,13.675,20.68,1.0630077231390345,0.595541889498709,0.573937108237872
6.26,63.155,13.505,21.46,63.0,13.915,21.65,1.0898297620306552,0.610568730264444,0.315779508033989
6.27,63.155,13.505,21.46,63.13,12.57,22.19,1.33122811205524,0.745810296595821,1.03227216649563
6.28,63.155,13.505,21.46,62.58,13.72,20.6,1.1702958787055167,0.655649252561651,0.788205897771655
6.29,63.155,13.505,21.46,63.05,14.07,22.83,1.0630077231390345,0.595541889498709,0.708682990763302
6.30,63.155,13.505,21.46,63.065,13.62,20.79,0.8752534508976906,0.490354004698802,0.460758700037076
6.31,63.155,13.505,21.46,63.235,13.47,21.245,1.036185684247414,0.580515048732973,0.135282927940123
6.32,63.155,13.505,21.46,63.195,13.285,20.245,0.8484314120060701,0.475327163933067,0.666833657736291
6.33,63.155,13.505,21.46,63.1,13.65,20.925,0.902075489789311,0.505380845464538,0.393449723758966
6.34,63.155,13.505,21.46,63.135,13.65,22.3,0.9557195675725523,0.535434526996009,0.451012742652774
6.35,63.155,13.505,21.46,63.11,12.695,21.175,1.0898297620306552,0.610568730264444,0.594601456726648
6.36,63.155,13.505,21.46,63.51,12.485,19.74,1.1971179175971374,0.670676093327386,1.0175014354858
6.37,63.155,13.505,21.46,62.935,13.565,21.215,0.8752534508976906,0.490354004698802,0.254999784132448
6.38,63.155,13.505,21.46,62.95,13.35,20.84,0.660677139764726,0.370139279133161,0.372402110080813
6.39,63.155,13.505,21.46,63.115,13.58,21.145,0.8752534508976906,0.490354004698802,0.2263093517239
6.40,63.155,13.505,21.46,62.94,13.515,21.38,0.6338551008731055,0.355112438367425,0.188733015219318
6.41,63.155,13.505,21.46,63.015,13.945,21.27,0.9557195675725523,0.535434526996009,0.4334237682045
6.42,63.155,13.505,21.46,62.84,14.12,21.405,1.0630077231390345,0.595541889498709,0.569736703442597
6.43,63.155,13.505,21.46,63.01,13.84,20.615,0.6874991786563465,0.385166119898896,0.691772143545011
6.44,63.155,13.505,21.46,63.26,14.17,20.88,1.1166518009222757,0.62559557103018,0.766675371398598
6.45,63.155,13.505,21.46,63.12,13.825,21.875,0.6338551008731055,0.355112438367425,0.254771889939032
6.46,63.155,13.505,21.46,63.205,13.435,22.19,1.0630077231390345,0.595541889498709,0.4623816161995
6.47,63.155,13.505,21.46,63.01,13.08,19.925,1.0898297620306552,0.610568730264444,0.829582749954931
6.48,63.155,13.505,21.46,63.15,13.525,22.04,0.8216093731144494,0.460300323167332,0.335562986273759
6.49,63.155,13.505,21.46,63.44,13.9,21.795,0.8484314120060701,0.475327163933067,0.366369958660885
6.50,63.155,13.505,21.46,63.33,13.86,22.435,0.9557195675725523,0.535434526996009,0.522587567081236
7.1,45.64,26.295,-26.63,46.66,25.13,-26.57,1.2507619953803784,0.700729774298615,1.15874763745904
7.2,45.64,26.295,-26.63,46.14,26.355,-27.08,0.902075489789311,0.505380845464538,0.53548483496689
7.3,45.64,26.295,-26.63,45.595,25.145,-25.255,0.8216093731144494,0.460300323167332,0.693726804348742
7.4,45.64,26.295,-26.63,45.58,25.445,-26.655,0.9288975286809318,0.520407686230273,0.470344009808333
7.5,45.64,26.295,-26.63,45.52,26.655,-27.065,0.44610082863176137,0.249924553567519,0.242861958247906
7.6,45.64,26.295,-26.63,45.585,25.36,-25.51,0.8752534508976906,0.490354004698802,0.564542818186996
7.7,45.64,26.295,-26.63,46.835,26.115,-26.63,1.0093636453557935,0.565488207967238,1.15712610667077
7.8,45.64,26.295,-26.63,46.69,26.385,-25.74,1.1166518009222757,0.62559557103018,1.14183098479466
7.9,45.64,26.295,-26.63,45.865,26.215,-27.31,0.6338551008731055,0.355112438367425,0.461300068513283
7.10,45.64,26.295,-26.63,45.875,26.325,-26.475,0.472922867523382,0.264951394333255,0.245094505303175
7.11,45.64,26.295,-26.63,45.495,26.685,-25.78,1.1702958787055167,0.655649252561651,0.628912477019663
7.12,45.64,26.295,-26.63,47.55,26.775,-26.81,1.0898297620306552,0.610568730264444,1.86547032595917
7.13,45.64,26.295,-26.63,46.565,27.15,-27.125,1.0093636453557935,0.565488207967238,0.969586555359653
7.14,45.64,26.295,-26.63,46.405,25.12,-26.47,1.223939956488758,0.685702933532879,0.944661788273488
7.15,45.64,26.295,-26.63,46.835,26.105,-26.69,0.8752534508976906,0.490354004698802,1.15968604596283
7.16,45.64,26.295,-26.63,47.155,26.1,-26.36,0.9825416064641728,0.550461367201502,1.47112088091304
7.17,45.64,26.295,-26.63,47.665,26.69,-25.54,1.2507619953803784,0.700729774298615,2.10243080601791
7.18,45.64,26.295,-26.63,47.435,25.99,-26.27,0.9825416064641728,0.550461367201502,1.74895714882996
7.19,45.64,26.295,-26.63,46.26,27.225,-27.025,0.660677139764726,0.370139279133161,0.727168932507818
7.20,45.64,26.295,-26.63,47.625,25.91,-25.32,1.223939956488758,0.685702933532879,2.03491395390317
7.21,45.64,26.295,-26.63,46.515,25.1,-26.575,1.2507619953803784,0.700729774298615,1.05275353291597
7.22,45.64,26.295,-26.63,46.535,26.26,-26.11,0.8752534508976906,0.490354004698802,0.907178891878691
7.23,45.64,26.295,-26.63,46.655,26.01,-26.805,0.902075489789311,0.505380845464538,1.00307851847754
7.24,45.64,26.295,-26.63,45.7,25.015,-25.385,0.8484314120060701,0.475327163933067,0.678493693101905
7.25,45.64,26.295,-26.63,45.63,26.425,-28.035,1.2507619953803784,0.700729774298615,0.753489254286855
7.26,45.64,26.295,-26.63,46.97,26.005,-26.28,0.9825416064641728,0.550461367201502,1.29635306709187
7.27,45.64,26.295,-26.63,45.61,24.865,-25.395,0.8216093731144494,0.460300323167332,0.716177536441131
7.28,45.64,26.295,-26.63,46.11,26.34,-25.305,1.0630077231390345,0.595541889498709,0.883979306990391
7.29,45.64,26.295,-26.63,47.09,25.95,-26.215,0.902075489789311,0.505380845464538,1.41690653736243
7.30,45.64,26.295,-26.63,46.53,28.195,-27.15,1.3580501509468608,0.760837137361557,1.22393821475721
7.31,45.64,26.295,-26.63,46.715,25.155,-26.34,1.3044060731636198,0.730783455830086,1.17143520500993
7.32,45.64,26.295,-26.63,46.32,26.495,-26.95,0.7947873342228289,0.445273482401596,0.671032511460562
7.33,45.64,26.295,-26.63,47.015,25.64,-25.55,1.1166518009222757,0.62559557103018,1.42606282090854
7.34,45.64,26.295,-26.63,46.415,27.31,-26.96,0.9825416064641728,0.550461367201502,0.878127192400302
7.35,45.64,26.295,-26.63,47.91,26.65,-25.61,1.3580501509468608,0.760837137361557,2.31355520373228
7.36,45.64,26.295,-26.63,47.35,25.905,-26.165,0.9288975286809318,0.520407686230273,1.67244639747983
7.37,45.64,26.295,-26.63,48.145,25.135,-26.055,1.2507619953803784,0.700729774298615,2.49676249793865
7.38,45.64,26.295,-26.63,46.545,26.32,-27.61,1.0898297620306552,0.610568730264444,1.02730758758266
7.39,45.64,26.295,-26.63,47.09,23.885,-23.53,1.223939956488758,0.685702933532879,2.09990342266562
7.40,45.64,26.295,-26.63,47.63,24.175,-24.77,1.33122811205524,0.745810296595821,2.21121986830734
7.41,45.64,26.295,-26.63,45.93,26.2,-25.285,1.036185684247414,0.580515048732973,0.784672930339672
7.42,45.64,26.295,-26.63,45.385,26.72,-26.94,0.9288975286809318,0.520407686230273,0.313418362431122
7.43,45.64,26.295,-26.63,47.545,26.285,-26.845,1.1971179175971374,0.670676093327386,1.85192156187912
7.44,45.64,26.295,-26.63,47.0,26.27,-26.345,0.8484314120060701,0.475327163933067,1.32289527580216
7.45,45.64,26.295,-26.63,46.485,26.155,-25.95,0.902075489789311,0.505380845464538,0.885196897082484
7.46,45.64,26.295,-26.63,46.865,26.1,-25.55,1.223939956488758,0.685702933532879,1.30891344805287
7.47,45.64,26.295,-26.63,46.915,25.985,-27.25,1.1971179175971374,0.670676093327386,1.31487168454561
7.48,45.64,26.295,-26.63,45.93,26.54,-26.515,0.3656347119568998,0.204844031270313,0.327915091962295
7.49,45.64,26.295,-26.63,46.935,24.625,-24.885,1.1971179175971374,0.670676093327386,1.55460544457979
7.50,45.64,26.295,-26.63,47.36,26.34,-27.04,1.2507619953803784,0.700729774298615,1.68038207114538
8.1,46.855,11.465,-13.315,46.89,11.335,-13.23,1.1873049765392274,0.665178468711653,0.110895138373823
8.2,46.855,11.465,-13.315,46.87,11.455,-13.36,0.8104880399154848,0.454069682010866,0.03761380165562
8.3,46.855,11.465,-13.315,46.53,11.19,-13.395,0.7476852171448609,0.418884884134028,0.41039974519001
8.4,46.855,11.465,-13.315,46.61,11.26,-13.415,0.998896508227356,0.559624075081138,0.318336515630493
8.5,46.855,11.465,-13.315,46.77,11.62,-13.085,0.6848823943742373,0.38370008625719,0.252413402032655
8.6,46.855,11.465,-13.315,46.895,11.365,-13.25,1.1559035651539156,0.647586069493113,0.0899454400592889
8.7,46.855,11.465,-13.315,46.71,11.275,-13.075,1.0616993309979799,0.594808872957977,0.232411516873212
8.8,46.855,11.465,-13.315,46.84,11.365,-13.32,0.8104880399154848,0.454069682010866,0.0884354940578063
8.9,46.855,11.465,-13.315,47.005,11.49,-13.275,0.7790866285301729,0.436477283352568,0.151636494404473
8.10,46.855,11.465,-13.315,46.92,11.205,-13.25,0.6220795716036134,0.348515288940594,0.221403344947799
8.11,46.855,11.465,-13.315,46.77,11.415,-13.305,0.9674950968420443,0.54203167642284,0.0922756536468404
8.12,46.855,11.465,-13.315,46.775,11.42,-13.25,0.9674950968420443,0.54203167642284,0.0909081121136886
8.13,46.855,11.465,-13.315,46.795,11.525,-13.315,0.7790866285301729,0.436477283352568,0.0777595591203161
8.14,46.855,11.465,-13.315,46.835,11.39,-13.265,0.6848823943742373,0.38370008625719,0.0639454585072728
8.15,46.855,11.465,-13.315,46.98,11.37,-13.155,0.8732908626861087,0.489254479887704,0.164051254885873
8.16,46.855,11.465,-13.315,46.98,11.54,-13.35,1.0931007423832917,0.612401271616274,0.135673964600181
8.17,46.855,11.465,-13.315,46.95,11.5,-13.35,0.9674950968420443,0.54203167642284,0.0975216464914533
8.18,46.855,11.465,-13.315,46.75,11.33,-13.345,1.0616993309979799,0.594808872957977,0.161437614128444
8.19,46.855,11.465,-13.315,46.85,11.675,-13.32,0.9046922740714205,0.506846878546002,0.177944421714585
8.20,46.855,11.465,-13.315,46.85,11.455,-13.34,0.9674950968420443,0.54203167642284,0.0221940388612848
8.21,46.855,11.465,-13.315,47.04,11.51,-13.225,0.9480561278892321,0.531141143760015,0.198659022944147
8.22,46.855,11.465,-13.315,46.72,11.215,-13.475,0.8560948516893903,0.479620547169061,0.3047472977336
8.23,46.855,11.465,-13.315,47.035,11.185,-13.17,0.8560948516893903,0.479620547169061,0.285590881588282
8.24,46.855,11.465,-13.315,46.825,11.45,-13.15,0.8560948516893903,0.479620547169061,0.112143726050366
8.25,46.855,11.465,-13.315,46.985,11.565,-13.235,0.7641335754895482,0.428099950017864,0.172303898834589
8.26,46.855,11.465,-13.315,47.045,11.365,-13.33,1.1626324390221967,0.651355869325657,0.205999058200293
8.27,46.855,11.465,-13.315,47.01,11.545,-13.12,1.040017404089074,0.58266174035097,0.227256669268564
8.28,46.855,11.465,-13.315,46.83,11.47,-13.345,1.1013249215556353,0.617008805118435,0.0310320235107202
8.29,46.855,11.465,-13.315,46.91,11.235,-13.47,0.8867486104226707,0.496794078992551,0.262091018754558
8.30,46.855,11.465,-13.315,46.77,11.47,-13.37,0.8867486104226707,0.496794078992551,0.0902225940791284
8.31,46.855,11.465,-13.315,46.715,11.625,-13.3,0.9787098866225127,0.548314676143748,0.195751246690585
8.32,46.855,11.465,-13.315,46.705,11.315,-13.345,1.0093636453557935,0.565488207967238,0.200690843282948
8.33,46.855,11.465,-13.315,46.6,11.565,-13.395,1.223939956488758,0.685702933532879,0.261320517447292
8.34,46.855,11.465,-13.315,46.74,11.55,-13.34,0.7028260580229869,0.393752885810641,0.131112213344819
8.35,46.855,11.465,-13.315,46.615,11.8,-13.51,0.8867486104226707,0.496794078992551,0.354303531837856
8.36,46.855,11.465,-13.315,46.86,11.56,-13.18,0.9787098866225127,0.548314676143748,0.142985406493581
8.37,46.855,11.465,-13.315,46.935,11.565,-13.335,0.8254410929561096,0.462447014785328,0.112796349885592
8.38,46.855,11.465,-13.315,46.795,11.29,-13.375,0.7334798167562675,0.410926418194374,0.179652007013409
8.39,46.855,11.465,-13.315,46.995,11.53,-13.315,0.8560948516893903,0.479620547169061,0.147338349347387
8.40,46.855,11.465,-13.315,46.78,11.46,-13.4,0.8867486104226707,0.496794078992551,0.0941594194052804
8.41,46.855,11.465,-13.315,46.765,11.655,-13.48,1.0616993309979799,0.594808872957977,0.182282025652938
8.42,46.855,11.465,-13.315,47.07,11.605,-13.26,0.7162838057595491,0.40129248547573,0.250774195103336
8.43,46.855,11.465,-13.315,46.9,11.455,-13.24,0.9674950968420443,0.54203167642284,0.0654151875023158
8.44,46.855,11.465,-13.315,46.83,11.495,-13.335,0.6534809829889254,0.366107687598892,0.0343910695842448
8.45,46.855,11.465,-13.315,46.915,11.4,-13.31,0.7162838057595491,0.40129248547573,0.0800135929139431
8.46,46.855,11.465,-13.315,46.95,11.575,-13.27,1.1873049765392274,0.665178468711653,0.1429390036648
8.47,46.855,11.465,-13.315,46.675,11.305,-13.21,0.9046922740714205,0.506846878546002,0.218031526967713
8.48,46.855,11.465,-13.315,46.85,11.3,-13.31,0.8418894513007967,0.471662080669164,0.14087402672764
8.49,46.855,11.465,-13.315,46.9,11.565,-13.45,0.7790866285301729,0.436477283352568,0.109142694558372
8.50,46.855,11.465,-13.315,46.745,11.225,-13.5,0.8104880399154848,0.454069682010866,0.298860736864475
8.51,46.855,11.465,-13.315,46.92,11.44,-13.265,0.9674950968420443,0.54203167642284,0.0713753720942494
8.52,46.855,11.465,-13.315,46.83,11.595,-13.26,0.8418894513007967,0.471662080669164,0.131679533617355
8.53,46.855,11.465,-13.315,46.85,11.43,-13.18,0.9046922740714205,0.506846878546002,0.085807945231796
8.54,46.855,11.465,-13.315,46.92,11.42,-13.445,0.9674950968420443,0.54203167642284,0.125761360994033
8.55,46.855,11.465,-13.315,46.62,11.34,-13.44,0.998896508227356,0.559624075081138,0.278672021188141
8.56,46.855,11.465,-13.315,46.715,11.425,-13.295,1.1559035651539156,0.647586069493113,0.139872069210357
8.57,46.855,11.465,-13.315,46.65,11.335,-13.555,0.8732908626861087,0.489254479887704,0.303818984663041
8.58,46.855,11.465,-13.315,46.82,11.515,-13.325,0.9674950968420443,0.54203167642284,0.0531704517952637
8.59,46.855,11.465,-13.315,46.84,11.36,-13.275,1.0302979196126678,0.577216474299679,0.0854741120782812
8.60,46.855,11.465,-13.315,46.96,11.525,-13.18,0.8104880399154848,0.454069682010866,0.157939353889634
9.1,35.47,6.815,-44.48,35.485,6.975,-45.02,1.3580501509468608,0.760837137361557,0.139130873904213
9.2,35.47,6.815,-44.48,35.26,6.75,-44.75,1.223939956488758,0.685702933532879,0.234450070534379
9.3,35.47,6.815,-44.48,34.785,6.145,-44.785,1.3044060731636198,0.730783455830086,0.816564317563386
9.4,35.47,6.815,-44.48,35.45,7.035,-45.145,1.1166518009222757,0.62559557103018,0.16088094598443
9.5,35.47,6.815,-44.48,35.965,6.43,-44.155,0.8484314120060701,0.475327163933067,0.440778400181859
9.6,35.47,6.815,-44.48,33.995,6.935,-43.905,1.2507619953803784,0.700729774298615,1.25244368919109
9.7,35.47,6.815,-44.48,35.38,7.11,-44.9,1.1702958787055167,0.655649252561651,0.117982228143935
9.8,35.47,6.815,-44.48,35.41,6.92,-44.91,1.0093636453557935,0.565488207967238,0.13140708557256
9.9,35.47,6.815,-44.48,35.19,7.15,-44.535,1.1166518009222757,0.62559557103018,0.31598392985757
9.10,35.47,6.815,-44.48,35.655,7.05,-44.915,0.9825416064641728,0.550461367201502,0.173752803884843
9.11,35.47,6.815,-44.48,35.43,6.855,-44.44,1.1971179175971374,0.670676093327386,0.0552588434073854
9.12,35.47,6.815,-44.48,35.955,6.635,-44.21,1.1702958787055167,0.655649252561651,0.406513791332048
9.13,35.47,6.815,-44.48,33.85,6.995,-45.44,1.3580501509468608,0.760837137361557,1.3604019529082
9.14,35.47,6.815,-44.48,34.92,7.195,-44.915,1.0093636453557935,0.565488207967238,0.471656250529573
9.15,35.47,6.815,-44.48,35.945,6.885,-44.41,0.6070330619814848,0.34008559760169,0.401857586232807
9.16,35.47,6.815,-44.48,35.605,7.07,-44.57,1.0898297620306552,0.610568730264444,0.183973205585157
9.17,35.47,6.815,-44.48,35.41,6.955,-44.94,1.1702958787055167,0.655649252561651,0.12649166822869
9.18,35.47,6.815,-44.48,35.66,6.935,-44.71,1.1434738398138964,0.640622411795915,0.163321211273161
9.19,35.47,6.815,-44.48,35.26,7.46,-43.79,1.2507619953803784,0.700729774298615,0.757646173217982
9.20,35.47,6.815,-44.48,35.34,7.21,-44.975,0.9825416064641728,0.550461367201502,0.167043459809002
9.21,35.47,6.815,-44.48,36.06,6.39,-44.075,1.1971179175971374,0.670676093327386,0.516729809598429
9.22,35.47,6.815,-44.48,35.295,7.635,-46.045,1.3580501509468608,0.760837137361557,0.327874642435196
9.23,35.47,6.815,-44.48,35.77,6.61,-44.14,1.0630077231390345,0.595541889498709,0.25726350720421
9.24,35.47,6.815,-44.48,35.275,7.34,-43.94,1.0898297620306552,0.610568730264444,0.611945491190824
9.25,35.47,6.815,-44.48,34.955,7.48,-45.15,1.1702958787055167,0.655649252561651,0.490202913610778
9.26,35.47,6.815,-44.48,35.215,7.11,-44.815,0.9825416064641728,0.550461367201502,0.233641610641851
9.27,35.47,6.815,-44.48,35.49,6.7,-44.315,0.7947873342228289,0.445273482401596,0.0394155060145271
9.28,35.47,6.815,-44.48,35.1,6.84,-45.15,1.3044060731636198,0.730783455830086,0.407409444392079
9.29,35.47,6.815,-44.48,35.95,6.805,-44.535,0.8216093731144494,0.460300323167332,0.399613066451974
9.30,35.47,6.815,-44.48,35.19,6.755,-44.365,0.902075489789311,0.505380845464538,0.23233164576808
9.31,35.47,6.815,-44.48,35.735,6.46,-44.165,1.33122811205524,0.745810296595821,0.261934432892497
9.32,35.47,6.815,-44.48,35.795,6.63,-43.935,0.9825416064641728,0.550461367201502,0.29920401938006
9.33,35.47,6.815,-44.48,35.315,6.865,-44.21,0.9557195675725523,0.535434526996009,0.196115137246095
9.34,35.47,6.815,-44.48,34.495,7.105,-44.305,1.1702958787055167,0.655649252561651,0.847517977954703
9.35,35.47,6.815,-44.48,35.47,6.82,-44.045,0.8484314120060701,0.475327163933067,0.190125431530397
9.36,35.47,6.815,-44.48,35.53,6.54,-44.045,1.0093636453557935,0.565488207967238,0.0995905726055752
9.37,35.47,6.815,-44.48,36.05,6.415,-43.945,0.902075489789311,0.505380845464538,0.498245778036302
9.38,35.47,6.815,-44.48,35.26,7.055,-44.89,1.1971179175971374,0.670676093327386,0.190262248962665
9.39,35.47,6.815,-44.48,36.01,6.435,-44.1,0.7143212175479672,0.400192960664632,0.470364212339018
9.40,35.47,6.815,-44.48,35.695,6.715,-44.385,0.7143212175479672,0.400192960664632,0.190403767550108
9.41,35.47,6.815,-44.48,35.9,6.53,-44.365,1.277584034271999,0.71575661506435,0.390440488157941
9.42,35.47,6.815,-44.48,34.83,7.245,-44.625,1.2507619953803784,0.700729774298615,0.583165989629195
9.43,35.47,6.815,-44.48,36.095,6.325,-44.055,1.0093636453557935,0.565488207967238,0.556451234326058
9.44,35.47,6.815,-44.48,34.72,6.925,-45.715,1.3848721898384815,0.775863978127292,0.767631374858751
9.45,35.47,6.815,-44.48,36.075,6.725,-44.385,0.8752534508976906,0.490354004698802,0.503703227581765
9.46,35.47,6.815,-44.48,35.17,7.245,-44.815,1.2507619953803784,0.700729774298615,0.309164708935691
9.47,35.47,6.815,-44.48,34.335,7.545,-44.675,1.1702958787055167,0.655649252561651,1.03138374712343
9.48,35.47,6.815,-44.48,34.665,7.23,-45.24,1.3580501509468608,0.760837137361557,0.677985141486487
9.49,35.47,6.815,-44.48,35.23,6.995,-44.03,1.036185684247414,0.580515048732973,0.370659581604525
9.50,35.47,6.815,-44.48,34.63,7.16,-43.83,1.1166518009222757,0.62559557103018,0.860194494791295
9.51,35.47,6.815,-44.48,33.975,6.56,-44.59,1.3580501509468608,0.760837137361557,1.24555576416962
9.52,35.47,6.815,-44.48,35.495,6.57,-44.25,0.7143212175479672,0.400192960664632,0.0972506582717581
9.53,35.47,6.815,-44.48,35.39,6.83,-44.3,0.9557195675725523,0.535434526996009,0.109168278436797
9.54,35.47,6.815,-44.48,34.8,6.96,-44.49,1.1702958787055167,0.655649252561651,0.560816909741955
9.55,35.47,6.815,-44.48,35.285,6.84,-44.635,1.1166518009222757,0.62559557103018,0.161221632751221
9.56,35.47,6.815,-44.48,36.13,6.405,-43.785,0.9557195675725523,0.535434526996009,0.564457376510136
9.57,35.47,6.815,-44.48,35.02,6.72,-45.02,1.3044060731636198,0.730783455830086,0.47196284238987
9.58,35.47,6.815,-44.48,35.96,6.465,-44.145,0.7679652953312082,0.430246641635861,0.428392337867135
9.59,35.47,6.815,-44.48,35.795,6.57,-44.055,0.9825416064641728,0.550461367201502,0.28135578133481
9.60,35.47,6.815,-44.48,35.38,6.96,-44.76,1.036185684247414,0.580515048732973,0.0913522357694813
10.1,36.405,5.805,-31.82,36.715,5.945,-31.665,1.1702958787055167,0.655649252561651,0.318473192026057
10.2,36.405,5.805,-31.82,36.17,6.17,-31.985,0.8484314120060701,0.475327163933067,0.2907506915645
10.3,36.405,5.805,-31.82,36.73,5.935,-31.58,0.7411432564395877,0.415219800870125,0.350137536152937
10.4,36.405,5.805,-31.82,36.555,5.865,-31.94,0.5533889841982438,0.310031916070219,0.13038191696506
10.5,36.405,5.805,-31.82,36.225,6.02,-31.895,0.8752534508976906,0.490354004698802,0.202285929220321
10.6,36.405,5.805,-31.82,37.005,5.71,-31.67,1.1166518009222757,0.62559557103018,0.506425548314033
10.7,36.405,5.805,-31.82,36.725,6.17,-32.085,0.8216093731144494,0.460300323167332,0.323493613941449
10.8,36.405,5.805,-31.82,36.17,5.97,-31.78,0.660677139764726,0.370139279133161,0.245205102771248
10.9,36.405,5.805,-31.82,36.37,5.865,-32.27,0.7679652953312082,0.430246641635861,0.200646550206869
10.10,36.405,5.805,-31.82,36.49,6.095,-32.23,1.0093636453557935,0.565488207967238,0.141009644235026
10.11,36.405,5.805,-31.82,36.595,6.015,-32.045,1.036185684247414,0.580515048732973,0.182334082720846
10.12,36.405,5.805,-31.82,36.14,5.83,-31.965,0.8752534508976906,0.490354004698802,0.229802642406025
10.13,36.405,5.805,-31.82,36.31,5.95,-31.545,0.8752534508976906,0.490354004698802,0.261019047394334
10.14,36.405,5.805,-31.82,36.36,6.095,-31.695,0.8484314120060701,0.475327163933067,0.286239816747197
10.15,36.405,5.805,-31.82,36.415,6.025,-31.69,0.8216093731144494,0.460300323167332,0.23241722733532
10.16,36.405,5.805,-31.82,36.975,5.165,-32.275,1.3848721898384815,0.775863978127292,0.855500735111321
10.17,36.405,5.805,-31.82,36.995,5.8,-31.89,0.8484314120060701,0.475327163933067,0.497803227517091
10.18,36.405,5.805,-31.82,36.82,5.73,-31.735,0.7947873342228289,0.445273482401596,0.350015508611499
10.19,36.405,5.805,-31.82,36.77,5.6,-31.555,0.7143212175479672,0.400192960664632,0.318177162811598
10.20,36.405,5.805,-31.82,36.54,5.98,-32.255,0.7411432564395877,0.415219800870125,0.175899336444393
10.21,36.405,5.805,-31.82,36.85,5.625,-31.46,1.036185684247414,0.580515048732973,0.387953677196431
10.22,36.405,5.805,-31.82,36.65,5.93,-31.67,0.9288975286809318,0.520407686230273,0.266598805853871
10.23,36.405,5.805,-31.82,36.655,5.915,-31.85,0.7947873342228289,0.445273482401596,0.221965803427559
10.24,36.405,5.805,-31.82,36.675,5.905,-31.775,0.902075489789311,0.505380845464538,0.247144071794437
10.25,36.405,5.805,-31.82,36.91,5.825,-31.48,0.902075489789311,0.505380845464538,0.466406232387524
10.26,36.405,5.805,-31.82,36.66,5.755,-31.51,0.8216093731144494,0.460300323167332,0.25171788513277
10.27,36.405,5.805,-31.82,36.69,5.885,-31.745,0.9288975286809318,0.520407686230273,0.258513498015991
10.28,36.405,5.805,-31.82,36.605,5.77,-31.66,0.6070330619814848,0.34008559760169,0.179242557184274
10.29,36.405,5.805,-31.82,36.64,5.87,-31.63,0.6874991786563465,0.385166119898896,0.245217517622865
10.30,36.405,5.805,-31.82,36.7,5.915,-31.8,0.6874991786563465,0.385166119898896,0.26506811565534
10.31,36.405,5.805,-31.82,36.275,5.97,-31.63,1.0630077231390345,0.595541889498709,0.245570427192474
10.32,36.405,5.805,-31.82,36.24,5.765,-31.4,0.9557195675725523,0.535434526996009,0.240285192739789
10.33,36.405,5.805,-31.82,36.27,6.02,-31.945,0.7679652953312082,0.430246641635861,0.162203920990029
10.34,36.405,5.805,-31.82,36.785,5.81,-31.56,0.8484314120060701,0.475327163933067,0.348804637455634
10.35,36.405,5.805,-31.82,36.245,5.465,-32.72,1.3044060731636198,0.730783455830086,0.717768523339018
10.36,36.405,5.805,-31.82,36.31,6.03,-31.945,0.9557195675725523,0.535434526996009,0.147135195292761
10.37,36.405,5.805,-31.82,36.465,5.77,-31.45,0.5265669453066231,0.295005075304484,0.180452590136517
10.38,36.405,5.805,-31.82,36.42,6.195,-32.04,0.902075489789311,0.505380845464538,0.213286229245692
10.39,36.405,5.805,-31.82,36.635,6.025,-31.94,0.8216093731144494,0.460300323167332,0.228205849469224
10.40,36.405,5.805,-31.82,36.75,5.78,-31.765,0.44610082863176137,0.249924553567519,0.290125546330125
10.41,36.405,5.805,-31.82,36.575,5.955,-31.44,1.1702958787055167,0.655649252561651,0.33831164905923
10.42,36.405,5.805,-31.82,36.56,6.035,-31.98,0.8752534508976906,0.490354004698802,0.174166428049353
10.43,36.405,5.805,-31.82,36.81,5.99,-32.055,0.8216093731144494,0.460300323167332,0.348607129600454
10.44,36.405,5.805,-31.82,36.805,5.635,-31.815,0.7143212175479672,0.400192960664632,0.360247451285775
10.45,36.405,5.805,-31.82,36.76,5.915,-32.15,0.8216093731144494,0.460300323167332,0.318079810784436
10.46,36.405,5.805,-31.82,36.825,5.8,-31.21,0.7679652953312082,0.430246641635861,0.476567215427955
10.47,36.405,5.805,-31.82,36.515,5.865,-31.575,0.9288975286809318,0.520407686230273,0.194252183131272
10.48,36.405,5.805,-31.82,36.34,5.535,-32.27,0.8752534508976906,0.490354004698802,0.431011095246231
10.49,36.405,5.805,-31.82,37.285,5.355,-31.13,0.7411432564395877,0.415219800870125,0.768088673130246
10.50,36.405,5.805,-31.82,37.345,5.485,-31.25,0.9288975286809318,0.520407686230273,0.808592934592493
10.51,36.405,5.805,-31.82,36.2,5.95,-31.98,1.1702958787055167,0.655649252561651,0.181951772696521
10.52,36.405,5.805,-31.82,36.34,5.965,-31.57,0.8752534508976906,0.490354004698802,0.252845032858402
10.53,36.405,5.805,-31.82,36.645,5.97,-31.51,0.7411432564395877,0.415219800870125,0.346114083474186
10.54,36.405,5.805,-31.82,36.825,5.815,-31.555,0.6338551008731055,0.355112438367425,0.382131027160058
10.55,36.405,5.805,-31.82,36.87,5.925,-32.125,0.902075489789311,0.505380845464538,0.402219326006154
10.56,36.405,5.805,-31.82,37.03,5.59,-31.29,0.9557195675725523,0.535434526996009,0.551012631843794
10.57,36.405,5.805,-31.82,36.85,5.69,-31.465,0.472922867523382,0.264951394333255,0.393160066878276
10.58,36.405,5.805,-31.82,36.5,5.855,-32.005,0.7679652953312082,0.430246641635861,0.104557569835246
10.59,36.405,5.805,-31.82,36.92,5.84,-31.555,0.7679652953312082,0.430246641635861,0.462873271491237
10.60,36.405,5.805,-31.82,36.565,5.85,-31.66,0.9557195675725523,0.535434526996009,0.177177448452841
11.1,85.83,-9.91,69.905,84.845,-9.63,73.195,0.9787098866225129,0.548314676143748,1.07808254228353
11.2,85.83,-9.91,69.905,85.575,-9.335,66.885,1.0706711628223546,0.599835272734702,0.770661080168592
11.3,85.83,-9.91,69.905,85.005,-9.69,69.95,0.7334798167562675,0.410926418194374,0.555491461233119
11.4,85.83,-9.91,69.905,85.465,-9.45,70.93,0.8867486104226707,0.496794078992551,0.475124449955458
11.5,85.83,-9.91,69.905,85.585,-9.775,68.52,0.8867486104226707,0.496794078992551,0.37321908705772
11.6,85.83,-9.91,69.905,83.775,-9.695,73.835,1.3159012326886,0.737223530684076,1.6837978919828
11.7,85.83,-9.91,69.905,85.62,-9.755,67.535,0.7947873342228289,0.445273482401596,0.599754483841411
11.8,85.83,-9.91,69.905,85.375,-9.485,67.395,0.9480561278892321,0.531141143760015,0.686744201558385
11.9,85.83,-9.91,69.905,85.095,-9.47,68.215,1.0706711628223546,0.599835272734702,0.648650910140237
11.10,85.83,-9.91,69.905,85.215,-9.335,68.225,1.0093636453557935,0.565488207967238,0.614549714440504
11.11,85.83,-9.91,69.905,84.805,-10.01,69.655,1.1932861977554774,0.668529401709389,0.678635106523476
11.12,85.83,-9.91,69.905,85.35,-9.94,71.635,0.8560948516893903,0.479620547169061,0.528202283947461
11.13,85.83,-9.91,69.905,85.225,-9.76,72.875,1.131978680288916,0.634182336941925,0.855128278807669
11.14,85.83,-9.91,69.905,85.58,-9.65,69.03,0.8560948516893903,0.479620547169061,0.282734174704835
11.15,85.83,-9.91,69.905,85.175,-10.025,70.45,0.9480561278892321,0.531141143760015,0.449133057415612
11.16,85.83,-9.91,69.905,85.09,-9.57,71.155,0.8867486104226707,0.496794078992551,0.632632150965401
11.17,85.83,-9.91,69.905,85.205,-9.725,69.845,0.7028260580229869,0.393752885810641,0.421612518856682
11.18,85.83,-9.91,69.905,85.3,-9.535,68.14,1.0093636453557935,0.565488207967238,0.560996925135587
11.19,85.83,-9.91,69.905,85.295,-9.435,71.07,0.9174023691559514,0.513967611376283,0.566200934508643
11.20,85.83,-9.91,69.905,85.6,-10.13,70.445,0.7028260580229869,0.393752885810641,0.217699323807903
11.21,85.83,-9.91,69.905,84.81,-9.055,68.135,0.998896508227356,0.559624075081138,0.88051267021669
11.22,85.83,-9.91,69.905,85.395,-9.81,69.435,0.8732908626861092,0.489254479887704,0.307304421416737
11.23,85.83,-9.91,69.905,85.325,-9.58,71.78,0.7162838057595486,0.40129248547573,0.636749362470273
11.24,85.83,-9.91,69.905,85.57,-9.695,71.33,0.7162838057595491,0.40129248547573,0.437981866816525
11.25,85.83,-9.91,69.905,85.115,-9.295,68.605,0.8104880399154848,0.454069682010866,0.625087588213734
11.26,85.83,-9.91,69.905,85.02,-9.4,71.52,1.0302979196126678,0.577216474299679,0.765854172326727
11.27,85.83,-9.91,69.905,85.48,-9.64,69.35,1.0616993309979799,0.594808872957977,0.290230952314507
11.28,85.83,-9.91,69.905,84.88,-9.265,73.37,0.9360936854567323,0.5244392772043,1.18459292620292
11.29,85.83,-9.91,69.905,84.86,-9.28,71.48,0.998896508227356,0.559624075081138,0.870690327951347
11.30,85.83,-9.91,69.905,85.34,-9.28,72.44,0.998896508227356,0.559624075081138,0.858507310603151
11.31,85.83,-9.91,69.905,85.425,-9.49,71.855,0.9557195675725523,0.535434526996009,0.648193900702667
11.32,85.83,-9.91,69.905,85.435,-9.515,71.29,0.7947873342228289,0.445273482401596,0.525366845126231
11.33,85.83,-9.91,69.905,84.395,-9.875,70.975,0.9879060142424969,0.553466735466698,0.9810963316598
11.34,85.83,-9.91,69.905,85.095,-10.14,72.455,1.2132111409321098,0.67969219756273,0.77552939856345
11.35,85.83,-9.91,69.905,85.635,-9.79,72.2,0.9879060142424969,0.553466735466698,0.602468450922005
11.36,85.83,-9.91,69.905,85.235,-9.58,74.38,0.9557195675725523,0.535434526996009,1.21851884386146
11.37,85.83,-9.91,69.905,85.235,-9.69,72.85,0.8591602275627183,0.481337900463458,0.860319072555266
11.38,85.83,-9.91,69.905,85.155,-9.38,72.75,1.0522789075823862,0.58953115352856,0.940867005614205
11.39,85.83,-9.91,69.905,85.38,-9.69,71.595,0.9879060142424969,0.553466735466698,0.552582038350986
11.40,85.83,-9.91,69.905,85.39,-9.845,71.18,0.8269737808927735,0.463305691432527,0.436763468783525
11.41,85.83,-9.91,69.905,85.055,-9.6,72.39,1.0302979196126678,0.577216474299679,0.849093416221745
11.42,85.83,-9.91,69.905,84.875,-9.26,70.825,0.998896508227356,0.559624075081138,0.79118829290659
11.43,85.83,-9.91,69.905,85.47,-9.545,69.905,0.998896508227356,0.559624075081138,0.314565969022823
11.44,85.83,-9.91,69.905,85.33,-9.795,73.32,1.1559035651539156,0.647586069493113,0.918374377059188
11.45,85.83,-9.91,69.905,85.705,-9.86,70.3,0.7790866285301729,0.436477283352568,0.13677002768766
11.46,85.83,-9.91,69.905,84.565,-9.415,72.73,0.8418894513007967,0.471662080669164,1.16332370168035
11.47,85.83,-9.91,69.905,85.175,-9.79,69.57,0.8732908626861087,0.489254479887704,0.438607402194703
11.48,85.83,-9.91,69.905,84.84,-9.315,71.25,0.6848823943742373,0.38370008625719,0.840501442388305
11.49,85.83,-9.91,69.905,84.92,-9.28,71.885,1.0302979196126678,0.577216474299679,0.902623202433342
11.50,85.83,-9.91,69.905,84.705,-9.31,68.185,0.9360936854567323,0.5244392772043,0.879593024526773
12.1,85.385,-6.55,47.16,85.61,-6.665,47.375,0.7679652953312086,0.430246641635861,0.173606686670906
12.2,85.385,-6.55,47.16,85.54,-6.74,48.315,0.8484314120060703,0.475327163933067,0.383448347250221
12.3,85.385,-6.55,47.16,85.495,-6.905,49.26,1.1434738398138964,0.640622411795915,0.672408849242261
12.4,85.385,-6.55,47.16,85.095,-6.3,48.375,0.6874991786563465,0.385166119898896,0.497719942227284
12.5,85.385,-6.55,47.16,85.57,-7.475,46.42,1.223939956488758,0.685702933532879,0.721966927992923
12.6,85.385,-6.55,47.16,85.36,-6.845,47.77,1.0630077231390345,0.595541889498709,0.247361189599444
12.7,85.385,-6.55,47.16,85.04,-5.78,48.205,1.0898297620306552,0.610568730264444,0.707932892102884
12.8,85.385,-6.55,47.16,85.43,-5.535,44.555,0.8752534508976906,0.490354004698802,0.991106423319415
12.9,85.385,-6.55,47.16,84.97,-6.09,47.9,0.6070330619814848,0.34008559760169,0.507171662027418
12.10,85.385,-6.55,47.16,85.575,-6.94,48.59,1.0093636453557935,0.565488207967238,0.495369057620183
12.11,85.385,-6.55,47.16,85.28,-6.415,46.255,0.9557195675725523,0.535434526996009,0.301115614951066
12.12,85.385,-6.55,47.16,85.24,-6.01,47.935,0.49974490641500263,0.279978234538748,0.489945532607498
12.13,85.385,-6.55,47.16,85.51,-6.675,47.55,1.036185684247414,0.580515048732973,0.159006177223699
12.14,85.385,-6.55,47.16,84.845,-5.545,50.76,1.33122811205524,0.745810296595821,1.48013293576957
12.15,85.385,-6.55,47.16,84.81,-5.875,45.92,0.7411432564395877,0.415219800870125,0.662128720653166
12.16,85.385,-6.55,47.16,85.44,-5.88,46.265,0.8216093731144494,0.460300323167332,0.4844934298463
12.17,85.385,-6.55,47.16,84.84,-6.67,46.365,0.9557195675725523,0.535434526996009,0.461286821794263
12.18,85.385,-6.55,47.16,85.05,-6.525,47.325,1.2507619953803784,0.700729774298615,0.227838287980844
12.19,85.385,-6.55,47.16,85.18,-6.945,47.24,0.9825416064641724,0.550461367201502,0.290722840607191
12.20,85.385,-6.55,47.16,85.275,-7.52,46.415,1.3044060731636198,0.730783455830086,0.744358830212071
12.21,85.385,-6.55,47.16,84.8,-5.58,46.98,1.1434738398138964,0.640622411795915,0.746409948007544
12.22,85.385,-6.55,47.16,85.075,-5.775,47.23,1.0093636453557935,0.565488207967238,0.56116237583108
12.23,85.385,-6.55,47.16,84.705,-5.86,47.84,0.8216093731144494,0.460300323167332,0.708927258469279
12.24,85.385,-6.55,47.16,84.825,-5.45,47.765,0.7679652953312082,0.430246641635861,0.878833995565558
12.25,85.385,-6.55,47.16,84.85,-5.7,48.02,0.7143212175479672,0.400192960664632,0.766627856325601
12.26,85.385,-6.55,47.16,84.695,-5.95,49.24,1.1702958787055167,0.655649252561651,0.962000556665359
12.27,85.385,-6.55,47.16,85.11,-5.77,47.485,0.5802110230898643,0.325058756835955,0.581145422641872
12.28,85.385,-6.55,47.16,85.525,-6.125,47.49,0.660677139764726,0.370139279133161,0.336386099379951
12.29,85.385,-6.55,47.16,85.45,-6.41,47.775,0.8484314120060701,0.475327163933067,0.242649123404004
12.30,85.385,-6.55,47.16,84.915,-5.66,48.875,1.3044060731636198,0.730783455830086,0.941460789046751
12.31,85.385,-6.55,47.16,85.09,-5.995,47.15,0.7947873342228289,0.445273482401596,0.417410871879043
12.32,85.385,-6.55,47.16,84.965,-5.605,48.45,0.8752534508976906,0.490354004698802,0.868287160062729
12.33,85.385,-6.55,47.16,85.025,-6.16,48.005,0.472922867523382,0.264951394333255,0.478632445824211
12.34,85.385,-6.55,47.16,84.955,-6.205,48.765,1.1702958787055167,0.655649252561651,0.67304886106426
12.35,85.385,-6.55,47.16,85.4,-6.505,47.985,0.7947873342228289,0.445273482401596,0.277389025871213
12.36,85.385,-6.55,47.16,85.58,-6.56,48.215,0.7679652953312082,0.430246641635861,0.365404288588816
12.37,85.385,-6.55,47.16,84.8,-5.795,46.395,0.7679652953312082,0.430246641635861,0.643653057912259
12.38,85.385,-6.55,47.16,85.28,-5.87,45.98,0.9557195675725523,0.535434526996009,0.539175917012569
12.39,85.385,-6.55,47.16,85.67,-6.67,46.625,1.1434738398138964,0.640622411795915,0.28011743115327
12.40,85.385,-6.55,47.16,85.4,-6.41,48.03,0.9288975286809318,0.520407686230273,0.317112896372333
12.41,85.385,-6.55,47.16,85.035,-5.885,46.855,1.1971179175971374,0.670676093327386,0.491887481733187
12.42,85.385,-6.55,47.16,85.33,-6.71,47.5,0.7947873342228289,0.445273482401596,0.140827870893222
12.43,85.385,-6.55,47.16,84.735,-5.175,47.85,1.3044060731636198,0.730783455830086,1.07684763657985
12.44,85.385,-6.55,47.16,85.54,-6.715,46.215,0.7679652953312082,0.430246641635861,0.367855006433477
12.45,85.385,-6.55,47.16,84.845,-5.955,49.81,1.223939956488758,0.685702933532879,1.07020440110203
12.46,85.385,-6.55,47.16,84.81,-6.445,48.615,1.277584034271999,0.71575661506435,0.620423398371295
12.47,85.385,-6.55,47.16,85.49,-6.635,47.695,0.6338551008731055,0.355112438367425,0.185070995734448
12.48,85.385,-6.55,47.16,85.685,-6.15,47.59,0.7947873342228289,0.445273482401596,0.380874311570002
12.49,85.385,-6.55,47.16,84.64,-5.615,48.485,1.1166518009222757,0.62559557103018,0.95951847900641
12.50,85.385,-6.55,47.16,85.235,-6.515,45.91,0.6338551008731055,0.355112438367425,0.421451494642281
12.51,85.385,-6.55,47.16,85.705,-5.96,46.665,0.7143212175479672,0.400192960664632,0.446252391604824
12.52,85.385,-6.55,47.16,85.315,-6.41,48.135,1.0630077231390345,0.595541889498709,0.352643697546516
12.53,85.385,-6.55,47.16,85.4,-6.215,48.815,1.1702958787055167,0.655649252561651,0.622411480903585
12.54,85.385,-6.55,47.16,84.995,-6.345,49.355,1.2507619953803784,0.700729774298615,0.791945383271468
12.55,85.385,-6.55,47.16,85.01,-6.71,45.975,0.8484314120060701,0.475327163933067,0.494699351572249
12.56,85.385,-6.55,47.16,84.775,-5.795,45.615,0.8752534508976906,0.490354004698802,0.756404589805095
12.57,85.385,-6.55,47.16,85.135,-5.83,47.1,0.6874991786563465,0.385166119898896,0.504824719698204
12.58,85.385,-6.55,47.16,85.505,-5.99,45.66,1.1434738398138964,0.640622411795915,0.562123325508754
12.59,85.385,-6.55,47.16,84.8,-5.405,47.3,1.223939956488758,0.685702933532879,0.866587105741186
12.60,85.385,-6.55,47.16,85.35,-6.065,48.605,0.4192787897401409,0.234897712801784,0.622240336552636
13.1,57.83,-37.285,-0.005,57.275,-36.605,0.025,1.1166518009222757,0.62559557103018,0.56753453942936
13.2,57.83,-37.285,-0.005,57.14,-36.3,-0.52,1.1166518009222757,0.62559557103018,0.805124789481441
13.3,57.83,-37.285,-0.005,57.745,-37.905,0.265,1.1751726130494478,0.658381405224423,0.298627280558124
13.4,57.83,-37.285,-0.005,57.54,-36.865,0.485,1.0581309887951036,0.592809736835936,0.441293095694866
13.5,57.83,-37.285,-0.005,58.16,-36.545,-0.505,1.1751726130494478,0.658381405224423,0.522694413995271
13.6,57.83,-37.285,-0.005,58.05,-36.92,-0.115,0.6192248978413124,0.346915979818865,0.252366501099273
13.7,57.83,-37.285,-0.005,57.3,-36.195,-0.27,0.9410893645407592,0.527238068447448,0.658703360836101
13.8,57.83,-37.285,-0.005,57.505,-36.71,0.35,0.7070061160320705,0.39609473111023,0.432776293152608
13.9,57.83,-37.285,-0.005,57.08,-37.5,0.565,1.0581309887951036,0.592809736835936,0.779784736860316
13.10,57.83,-37.285,-0.005,57.835,-36.04,-1.05,1.321474643367378,0.740345990710033,0.832377557707527
13.11,57.83,-37.285,-0.005,57.555,-37.595,-0.395,1.2668552187153508,0.709745879094201,0.372151285459839
13.12,57.83,-37.285,-0.005,57.715,-36.83,-0.395,1.0093636453557935,0.565488207967238,0.322703925340441
13.13,57.83,-37.285,-0.005,57.75,-36.505,-0.075,0.8377025964494218,0.469316427402676,0.307118439807737
13.14,57.83,-37.285,-0.005,58.095,-37.045,0.14,0.751872071996236,0.421230537400516,0.272945438680857
13.15,57.83,-37.285,-0.005,57.53,-37.055,0.35,0.7804822468139646,0.437259167587984,0.366419876864813
13.16,57.83,-37.285,-0.005,58.185,-37.4,-0.395,1.3526857431685366,0.757831769096361,0.409786413929545
13.17,57.83,-37.285,-0.005,58.255,-37.34,0.605,1.2954653935330793,0.725774509281669,0.549001945939774
13.18,57.83,-37.285,-0.005,58.16,-37.245,0.055,0.6660415475430501,0.373144647398357,0.301591059117344
13.19,57.83,-37.285,-0.005,57.42,-36.985,-0.205,0.6374313727253216,0.357116017210889,0.410751270842061
13.20,57.83,-37.285,-0.005,57.295,-36.475,-0.325,1.0665839949912506,0.597545468342172,0.61218697870299
13.21,57.83,-37.285,-0.005,57.335,-36.245,-0.4,1.1166518009222757,0.62559557103018,0.652001532627494
13.22,57.83,-37.285,-0.005,57.75,-36.675,-0.355,1.262953831240206,0.707560156515789,0.331519161000585
13.23,57.83,-37.285,-0.005,57.18,-37.25,0.535,0.7070061160320705,0.39609473111023,0.686880650232144
13.24,57.83,-37.285,-0.005,57.155,-37.7,-0.16,0.9410893645407592,0.527238068447448,0.642559814115696
13.25,57.83,-37.285,-0.005,57.41,-37.42,0.575,1.2044330191130337,0.674774322321545,0.535657463536877
13.26,57.83,-37.285,-0.005,57.25,-36.69,0.61,1.23369342517662,0.691167239418667,0.698715356216356
13.27,57.83,-37.285,-0.005,57.175,-37.085,0.19,1.0288705827315174,0.576416819738814,0.614958703831906
13.28,57.83,-37.285,-0.005,57.78,-37.74,0.335,0.472922867523382,0.264951394333255,0.279589831021899
13.29,57.83,-37.285,-0.005,57.255,-36.205,-0.525,1.1166518009222757,0.62559557103018,0.746777683018132
13.30,57.83,-37.285,-0.005,57.795,-35.87,-1.1,1.4092558615581363,0.789524742561641,0.899123520570868
13.31,57.83,-37.285,-0.005,57.855,-35.755,-0.075,1.23369342517662,0.691167239418667,0.584683856950539
13.32,57.83,-37.285,-0.005,57.65,-37.295,-0.095,1.0873913948586895,0.609202653933058,0.173538891640967
13.33,57.83,-37.285,-0.005,56.75,-35.46,-0.075,1.262953831240206,0.707560156515789,1.20969962669799
13.34,57.83,-37.285,-0.005,57.04,-36.0,-0.495,1.3507350494309645,0.756738907807155,0.928040129710744
13.35,57.83,-37.285,-0.005,57.09,-35.52,-0.475,1.2922142373037921,0.723953073612911,1.00267414267968
13.36,57.83,-37.285,-0.005,58.18,-36.87,0.445,1.2922142373037921,0.723953073612911,0.457467193241035
13.37,57.83,-37.285,-0.005,58.035,-38.05,0.555,1.2922142373037921,0.723953073612911,0.492583146636641
13.38,57.83,-37.285,-0.005,57.24,-37.16,0.445,0.7362665220956568,0.412487648207352,0.612525130945718
13.39,57.83,-37.285,-0.005,57.61,-37.045,0.35,0.8240477402864149,0.461666399498718,0.316999112580301
13.40,57.83,-37.285,-0.005,57.32,-36.59,0.385,1.0288705827315174,0.576416819738814,0.590485555459503
13.41,57.83,-37.285,-0.005,57.56,-36.94,1.02,1.4385162676217225,0.805917659658763,0.716337690673536
13.42,57.83,-37.285,-0.005,57.325,-37.825,0.115,1.1751726130494478,0.658381405224423,0.50809527843288
13.43,57.83,-37.285,-0.005,57.38,-37.725,-0.155,1.1751726130494478,0.658381405224423,0.451819160663087
13.44,57.83,-37.285,-0.005,57.355,-38.265,-0.105,1.1459122069858618,0.641988488127302,0.569365201239137
13.45,57.83,-37.285,-0.005,57.15,-37.83,0.205,1.3507350494309645,0.756738907807155,0.666370344023125
13.46,57.83,-37.285,-0.005,57.575,-37.68,0.21,0.882568552413587,0.494452233692962,0.307392971516367
13.47,57.83,-37.285,-0.005,57.16,-38.335,1.01,1.3507350494309645,0.756738907807155,0.968563156472364
13.48,57.83,-37.285,-0.005,57.455,-37.98,-0.235,1.3799954554945504,0.773131824904277,0.452975830487007
13.49,57.83,-37.285,-0.005,57.505,-36.88,-0.155,0.882568552413587,0.494452233692962,0.346560908002433
13.50,57.83,-37.285,-0.005,57.275,-36.415,0.395,0.911828958477173,0.510845150790084,0.657013729450048
14.1,56.47,-31.985,0.38,56.45,-32.045,0.19,1.2507619953803784,0.700729774298615,0.131435092319265
14.2,56.47,-31.985,0.38,56.41,-30.66,0.36,1.0093636453557935,0.565488207967238,0.562650295970003
14.3,56.47,-31.985,0.38,56.635,-31.72,0.37,0.8216093731144494,0.460300323167332,0.188590198821708
14.4,56.47,-31.985,0.38,56.365,-32.86,1.18,1.2507619953803784,0.700729774298615,0.643986718486902
14.5,56.47,-31.985,0.38,56.21,-30.615,0.755,0.9288975286809318,0.520407686230273,0.680394343944276
14.6,56.47,-31.985,0.38,56.515,-32.695,0.63,0.7411432564395877,0.415219800870125,0.33788590176224
14.7,56.47,-31.985,0.38,56.41,-31.91,0.59,0.7947873342228289,0.445273482401596,0.155015363107823
14.8,56.47,-31.985,0.38,56.195,-32.885,1.34,1.3044060731636198,0.730783455830086,0.774013802937793
14.9,56.47,-31.985,0.38,56.63,-32.395,0.63,0.8216093731144494,0.460300323167332,0.279028669452853
14.10,56.47,-31.985,0.38,56.145,-32.77,0.44,0.8484314120060701,0.475327163933067,0.444276010110732
14.11,56.47,-31.985,0.38,56.47,-31.625,0.15,0.9288975286809318,0.520407686230273,0.214818060174702
14.12,56.47,-31.985,0.38,56.67,-31.615,0.27,0.6070330619814848,0.34008559760169,0.251703941111435
14.13,56.47,-31.985,0.38,56.425,-32.65,0.6,0.8216093731144494,0.460300323167332,0.312574254066008
14.14,56.47,-31.985,0.38,56.39,-31.7,0.21,0.660677139764726,0.370139279133161,0.180140966188856
14.15,56.47,-31.985,0.38,56.28,-33.05,0.51,1.1434738398138964,0.640622411795915,0.479344755880959
14.16,56.47,-31.985,0.38,56.27,-30.905,0.145,1.036185684247414,0.580515048732973,0.515156952873062
14.17,56.47,-31.985,0.38,56.495,-31.815,1.16,1.277584034271999,0.71575661506435,0.529242378922194
14.18,56.47,-31.985,0.38,56.395,-32.585,0.33,0.8752534508976906,0.490354004698802,0.260328204254066
14.19,56.47,-31.985,0.38,56.495,-31.75,-0.31,0.902075489789311,0.505380845464538,0.47482758226755
14.20,56.47,-31.985,0.38,56.62,-31.655,0.855,1.1971179175971374,0.670676093327386,0.376151959016408
14.21,56.47,-31.985,0.38,56.38,-32.245,-0.08,1.1166518009222757,0.62559557103018,0.337905346617714
14.22,56.47,-31.985,0.38,56.705,-32.165,-0.1,0.8484314120060701,0.475327163933067,0.395968043751149
14.23,56.47,-31.985,0.38,55.59,-31.825,0.055,0.902075489789311,0.505380845464538,0.851449288489037
14.24,56.47,-31.985,0.38,55.785,-31.475,0.17,0.6338551008731055,0.355112438367425,0.686747046873101
14.25,56.47,-31.985,0.38,55.94,-31.3,-0.375,0.9825416064641728,0.550461367201502,0.764408951738175
14.26,56.47,-31.985,0.38,56.43,-31.435,0.055,1.1702958787055167,0.655649252561651,0.318685676556835
14.27,56.47,-31.985,0.38,56.32,-32.825,0.74,0.9288975286809318,0.520407686230273,0.4408307699159
14.28,56.47,-31.985,0.38,56.43,-32.69,1.38,1.33122811205524,0.745810296595821,0.721042367544766
14.29,56.47,-31.985,0.38,56.25,-32.835,0.9,0.7143212175479672,0.400192960664632,0.529296060866014
14.30,56.47,-31.985,0.38,56.425,-31.835,-0.735,1.1166518009222757,0.62559557103018,0.754663232234875
14.31,56.47,-31.985,0.38,56.76,-32.4,0.485,1.0898297620306552,0.610568730264444,0.325599354400815
14.32,56.47,-31.985,0.38,56.965,-31.165,-0.37,0.902075489789311,0.505380845464538,0.76353158842938
14.33,56.47,-31.985,0.38,56.215,-32.81,0.385,0.902075489789311,0.505380845464538,0.414644689857956
14.34,56.47,-31.985,0.38,56.245,-32.855,0.61,1.1971179175971374,0.670676093327386,0.440749906551789
14.35,56.47,-31.985,0.38,56.3,-32.46,0.425,0.7679652953312082,0.430246641635861,0.253639587551887
14.36,56.47,-31.985,0.38,56.57,-32.365,0.555,0.7143212175479672,0.400192960664632,0.21579352211085
14.37,56.47,-31.985,0.38,56.88,-32.04,0.9,0.9825416064641728,0.550461367201502,0.514451615240705
14.38,56.47,-31.985,0.38,56.835,-31.59,0.05,0.8216093731144494,0.460300323167332,0.435474566018115
14.39,56.47,-31.985,0.38,56.77,-32.18,0.045,0.8484314120060701,0.475327163933067,0.366273830397154
14.40,56.47,-31.985,0.38,56.785,-31.43,-0.065,1.0630077231390345,0.595541889498709,0.477222871537781
14.41,56.47,-31.985,0.38,56.405,-32.52,0.54,1.0898297620306552,0.610568730264444,0.251899517318997
14.42,56.47,-31.985,0.38,56.525,-31.56,0.54,1.1434738398138964,0.640622411795915,0.215229259421894
14.43,56.47,-31.985,0.38,56.55,-32.385,-0.195,1.0093636453557935,0.565488207967238,0.426753604136187
14.44,56.47,-31.985,0.38,56.595,-32.07,0.595,0.9557195675725523,0.535434526996009,0.187664391788828
14.45,56.47,-31.985,0.38,56.565,-32.41,1.045,1.1434738398138964,0.640622411795915,0.482327755357851
14.46,56.47,-31.985,0.38,56.575,-32.465,-0.17,1.1166518009222757,0.62559557103018,0.430661884219771
14.47,56.47,-31.985,0.38,56.65,-31.56,0.16,0.5265669453066231,0.295005075304484,0.28414250826054
14.48,56.47,-31.985,0.38,56.47,-31.785,0.245,0.7679652953312082,0.430246641635861,0.122602095236643
14.49,56.47,-31.985,0.38,55.655,-31.875,0.605,1.1166518009222757,0.62559557103018,0.775765223232533
14.50,56.47,-31.985,0.38,56.395,-32.31,0.405,0.660677139764726,0.370139279133161,0.152455831490727
15.1,43.9,57.235,35.55,44.205,57.66,36.12,1.0093636453557935,0.565488207967238,0.358545103992094
15.2,43.9,57.235,35.55,44.0,58.705,34.82,1.1702958787055167,0.655649252561651,0.803139318537861
15.3,43.9,57.235,35.55,44.39,56.365,35.37,0.472922867523382,0.264951394333255,0.531600858068632
15.4,43.9,57.235,35.55,44.15,56.825,33.665,1.1971179175971374,0.670676093327386,0.87914191569182
15.5,43.9,57.235,35.55,44.28,55.78,35.095,0.8484314120060701,0.475327163933067,0.555630399020194
15.6,43.9,57.235,35.55,44.21,56.51,34.85,1.3044060731636193,0.730783455830086,0.397894725827253
15.7,43.9,57.235,35.55,43.935,57.085,36.18,0.7679652953312082,0.430246641635861,0.347524677158448
15.8,43.9,57.235,35.55,44.285,55.49,34.885,0.6606771397647256,0.370139279133161,0.61735668893699
15.9,43.9,57.235,35.55,44.27,54.655,34.94,0.9020754897893107,0.505380845464538,0.867004982341451
15.10,43.9,57.235,35.55,44.085,54.68,35.84,1.0898297620306552,0.610568730264444,1.05485079000348
15.11,43.9,57.235,35.55,44.02,58.135,37.48,1.0093636453557935,0.565488207967238,0.7837621082905
15.12,43.9,57.235,35.55,44.185,58.0,36.025,1.036185684247414,0.580515048732973,0.346605477468234
15.13,43.9,57.235,35.55,44.015,54.985,36.335,1.0630077231390345,0.595541889498709,1.12254870830501
15.14,43.9,57.235,35.55,44.145,57.565,36.195,0.9288975286809318,0.520407686230273,0.34462099123009
15.15,43.9,57.235,35.55,43.845,57.185,36.615,0.49974490641500263,0.279978234538748,0.535785441370317
15.16,43.9,57.235,35.55,44.065,57.545,35.2,0.8752534508976906,0.490354004698802,0.299594116339702
15.17,43.9,57.235,35.55,44.07,56.99,35.25,0.6338551008731055,0.355112438367425,0.195826734196212
15.18,43.9,57.235,35.55,44.1,56.71,34.49,0.7947873342228289,0.445273482401596,0.469257340490063
15.19,43.9,57.235,35.55,43.76,59.55,37.375,1.277584034271999,0.71575661506435,0.748271486038597
15.20,43.9,57.235,35.55,43.485,58.86,35.83,1.1166518009222757,0.62559557103018,0.636562340105053
15.21,43.9,57.235,35.55,44.51,53.615,34.205,1.277584034271999,0.71575661506435,1.20114795880618
15.22,43.9,57.235,35.55,44.385,55.485,35.695,1.0898297620306552,0.610568730264444,0.825193202664541
15.23,43.9,57.235,35.55,44.04,57.335,34.42,0.9020754897893107,0.505380845464538,0.594043129872144
15.24,43.9,57.235,35.55,44.21,57.285,34.68,0.9825416064641728,0.550461367201502,0.526341401723817
15.25,43.9,57.235,35.55,44.405,57.33,34.265,0.9557195675725523,0.535434526996009,0.807254000896532
15.26,43.9,57.235,35.55,44.26,57.67,34.245,1.0898297620306552,0.610568730264444,0.821243880009428
15.27,43.9,57.235,35.55,43.8,58.515,34.9,1.1702958787055167,0.655649252561651,0.707785881993877
15.28,43.9,57.235,35.55,44.415,57.755,33.465,1.1166518009222757,0.62559557103018,1.24847924808864
15.29,43.9,57.235,35.55,44.065,57.89,35.42,0.5802110230898643,0.325058756835955,0.319505923310085
15.30,43.9,57.235,35.55,43.855,58.16,34.54,0.8752534508976906,0.490354004698802,0.749368404021284
15.31,43.9,57.235,35.55,44.16,58.065,36.41,1.2239399564887576,0.685702933532879,0.408014855090371
15.32,43.9,57.235,35.55,43.93,57.395,35.02,0.9288975286809318,0.520407686230273,0.301325631855773
15.33,43.9,57.235,35.55,44.085,58.86,37.385,1.1434738398138964,0.640622411795915,0.712193209446809
15.34,43.9,57.235,35.55,43.83,58.395,37.185,0.9825416064641728,0.550461367201502,0.62606178308128
15.35,43.9,57.235,35.55,43.8,58.7,37.35,0.8752534508976906,0.490354004698802,0.684757708668797
15.36,43.9,57.235,35.55,43.96,57.49,35.225,0.8484314120060701,0.475327163933067,0.235486068181742
15.37,43.9,57.235,35.55,43.71,58.0,37.035,0.8484314120060701,0.475327163933067,0.615769684449938
15.38,43.9,57.235,35.55,44.025,57.465,36.05,0.7143212175479672,0.400192960664632,0.234238032182822
15.39,43.9,57.235,35.55,43.89,57.305,35.07,0.7947873342228289,0.445273482401596,0.252745389369951
15.40,43.9,57.235,35.55,44.18,57.995,35.87,0.472922867523382,0.264951394333255,0.337380938744209
15.41,43.9,57.235,35.55,44.36,55.375,33.1,0.8752534508976906,0.490354004698802,1.05022258098538
15.42,43.9,57.235,35.55,43.97,57.06,36.19,0.7947873342228289,0.445273482401596,0.363381510386368
15.43,43.9,57.235,35.55,44.51,56.31,35.52,0.7411432564395873,0.415219800870125,0.658206432633012
15.44,43.9,57.235,35.55,44.245,56.895,36.105,0.7143212175479672,0.400192960664632,0.485561860597755
15.45,43.9,57.235,35.55,43.74,56.705,35.635,0.8752534508976906,0.490354004698802,0.266675670054754
15.46,43.9,57.235,35.55,44.385,56.14,35.77,0.7947873342228289,0.445273482401596,0.657090397017
15.47,43.9,57.235,35.55,44.15,56.93,35.065,0.8484314120060701,0.475327163933067,0.300922085434071
15.48,43.9,57.235,35.55,44.68,56.155,33.76,0.7947873342228289,0.445273482401596,1.02015731363709
15.49,43.9,57.235,35.55,44.055,56.26,32.885,1.2507619953803788,0.700729774298615,1.14742195724144
15.50,43.9,57.235,35.55,44.305,54.875,35.175,0.8484314120060701,0.475327163933067,0.853459372783188
15.51,43.9,57.235,35.55,44.15,57.03,34.875,1.0093636453557937,0.565488207967238,0.373515064284694
15.52,43.9,57.235,35.55,44.395,55.625,35.705,1.1434738398138964,0.640622411795915,0.790658379756454
15.53,43.9,57.235,35.55,44.01,56.96,37.305,1.036185684247414,0.580515048732973,0.931256404809252
15.54,43.9,57.235,35.55,44.23,56.12,36.82,1.0093636453557935,0.565488207967238,0.987301652684137
15.55,43.9,57.235,35.55,44.355,56.665,35.75,0.5802110230898643,0.325058756835955,0.509026478533265
15.56,43.9,57.235,35.55,43.67,55.35,35.855,1.0630077231390345,0.595541889498709,0.824724147997578
16.1,45.405,37.055,22.165,45.75,37.435,22.28,1.036185684247414,0.580515048732973,0.360216226808256
16.2,45.405,37.055,22.165,45.685,37.17,23.84,1.277584034271999,0.71575661506435,0.994094891368645
16.3,45.405,37.055,22.165,45.58,37.22,23.435,1.0093636453557935,0.565488207967238,0.729618389056068
16.4,45.405,37.055,22.165,45.185,38.015,21.58,1.1166518009222757,0.62559557103018,0.705215716377632
16.5,45.405,37.055,22.165,45.415,37.615,21.83,0.6874991786563465,0.385166119898896,0.39142718919628
16.6,45.405,37.055,22.165,45.425,36.36,24.155,1.2507619953803784,0.700729774298615,1.36975128956609
16.7,45.405,37.055,22.165,45.46,36.605,23.625,1.277584034271999,0.71575661506435,0.987173303156019
16.8,45.405,37.055,22.165,45.41,36.28,23.785,1.3044060731636198,0.730783455830086,1.18402993293926
16.9,45.405,37.055,22.165,45.595,36.735,22.51,0.5265669453066231,0.295005075304484,0.355816524886481
16.10,45.405,37.055,22.165,45.36,36.975,22.76,0.472922867523382,0.264951394333255,0.374305207605672
16.11,45.405,37.055,22.165,45.425,37.475,22.825,1.0898297620306552,0.610568730264444,0.329815841632094
16.12,45.405,37.055,22.165,45.37,38.11,21.43,1.3044060731636198,0.730783455830086,0.786310896004731
16.13,45.405,37.055,22.165,45.43,37.52,22.025,0.8752534508976906,0.490354004698802,0.261495197484611
16.14,45.405,37.055,22.165,45.455,37.295,21.785,0.9557195675725523,0.535434526996009,0.299506049179216
16.15,45.405,37.055,22.165,45.64,37.605,21.78,0.8484314120060701,0.475327163933067,0.469582738391991
16.16,45.405,37.055,22.165,45.41,37.665,22.47,0.6070330619814848,0.34008559760169,0.232733448445521
16.17,45.405,37.055,22.165,45.285,39.285,20.54,1.4116942287301018,0.790890818893028,1.68110159989537
16.18,45.405,37.055,22.165,45.075,37.78,22.52,0.7143212175479672,0.400192960664632,0.417579414688634
16.19,45.405,37.055,22.165,45.48,37.05,21.84,0.6338551008731055,0.355112438367425,0.204245669406232
16.20,45.405,37.055,22.165,45.54,37.245,20.96,1.0630077231390345,0.595541889498709,0.773534322907002
16.21,45.405,37.055,22.165,45.16,38.995,22.845,1.2507619953803784,0.700729774298615,0.761817884174061
16.22,45.405,37.055,22.165,45.355,37.095,23.35,0.902075489789311,0.505380845464538,0.690098974786193
16.23,45.405,37.055,22.165,45.15,37.965,23.2,0.8484314120060701,0.475327163933067,0.573092803411365
16.24,45.405,37.055,22.165,45.5,37.045,23.55,1.33122811205524,0.745810296595821,0.822764892016489
16.25,45.405,37.055,22.165,45.415,37.215,23.305,0.8752534508976906,0.490354004698802,0.635575608574749
16.26,45.405,37.055,22.165,45.205,38.06,22.45,1.1702958787055167,0.655649252561651,0.428491902363205
16.27,45.405,37.055,22.165,45.635,37.385,21.68,1.036185684247414,0.580515048732973,0.443429577420302
16.28,45.405,37.055,22.165,45.04,37.465,23.54,0.9825416064641728,0.550461367201502,0.804405193739442
16.29,45.405,37.055,22.165,45.145,37.815,25.43,1.2507619953803784,0.700729774298615,1.75588836194785
16.30,45.405,37.055,22.165,45.145,38.37,24.175,0.7947873342228289,0.445273482401596,1.01931728943639
16.31,45.405,37.055,22.165,45.65,36.33,20.695,1.036185684247414,0.580515048732973,0.794229305319348
16.32,45.405,37.055,22.165,45.715,36.795,22.055,0.5533889841982438,0.310031916070219,0.312166548357028
16.33,45.405,37.055,22.165,45.565,37.28,21.225,0.9825416064641728,0.550461367201502,0.634405173410697
16.34,45.405,37.055,22.165,45.645,36.32,22.465,1.0898297620306552,0.610568730264444,0.507200473123034
16.35,45.405,37.055,22.165,45.465,37.145,21.93,0.5533889841982438,0.310031916070219,0.173653751345127
16.36,45.405,37.055,22.165,45.555,36.73,22.04,0.5265669453066231,0.295005075304484,0.189090736386138
16.37,45.405,37.055,22.165,45.72,37.675,22.02,0.6338551008731055,0.355112438367425,0.44582045982834
16.38,45.405,37.055,22.165,45.475,36.36,21.665,0.8216093731144494,0.460300323167332,0.303450023017914
16.39,45.405,37.055,22.165,45.5,36.74,21.505,0.7411432564395877,0.415219800870125,0.351178046766243
16.40,45.405,37.055,22.165,45.685,36.26,21.505,0.6874991786563465,0.385166119898896,0.452866182682721
16.41,45.405,37.055,22.165,45.97,37.3,22.655,1.036185684247414,0.580515048732973,0.595092950548145
16.42,45.405,37.055,22.165,45.4,36.58,22.45,0.7143212175479672,0.400192960664632,0.335803944403899
16.43,45.405,37.055,22.165,45.73,36.795,22.69,0.6874991786563465,0.385166119898896,0.495174730076575
16.44,45.405,37.055,22.165,45.64,36.33,21.805,0.5265669453066231,0.295005075304484,0.358475177959684
16.45,45.405,37.055,22.165,45.315,38.2,23.095,0.6070330619814848,0.34008559760169,0.516629176916675
16.46,45.405,37.055,22.165,45.545,36.495,22.885,1.036185684247414,0.580515048732973,0.615313192386728
16.47,45.405,37.055,22.165,45.475,37.345,23.4,1.1971179175971374,0.670676093327386,0.668969867387233
16.48,45.405,37.055,22.165,45.63,35.78,22.615,0.7143212175479672,0.400192960664632,0.78660864398708
16.49,45.405,37.055,22.165,45.745,36.54,22.47,0.6070330619814848,0.34008559760169,0.486518364810768
16.50,45.405,37.055,22.165,45.505,36.47,22.04,0.5802110230898643,0.325058756835955,0.251201481738092
17.1,61.905,-0.165,-0.25,61.58,-0.11,-0.24,1.3044060731636198,0.730783455830086,0.290914807844452
17.2,61.905,-0.165,-0.25,61.58,-0.125,-0.345,1.036185684247414,0.580515048732973,0.300429439496432
17.3,61.905,-0.165,-0.25,61.905,-0.23,-0.115,0.9825416064641728,0.550461367201502,0.165406134888139
17.4,61.905,-0.165,-0.25,61.9,-0.275,-0.38,0.9825416064641728,0.550461367201502,0.205897449512694
17.5,61.905,-0.165,-0.25,61.35,-0.08,-0.605,1.0898297620306552,0.610568730264444,0.604621641104731
17.6,61.905,-0.165,-0.25,61.55,-0.135,0.18,1.1702958787055167,0.655649252561651,0.52734205957022
17.7,61.905,-0.165,-0.25,61.995,-0.34,-0.095,0.5533889841982438,0.310031916070219,0.311167571943103
17.8,61.905,-0.165,-0.25,62.05,-0.025,-0.465,1.0093636453557935,0.565488207967238,0.322310918681363
17.9,61.905,-0.165,-0.25,62.15,0.025,-0.015,0.660677139764726,0.370139279133161,0.422584766732786
17.10,61.905,-0.165,-0.25,61.845,-0.21,-0.23,0.5802110230898643,0.325058756835955,0.0865926010344668
17.11,61.905,-0.165,-0.25,62.265,-0.1,-0.285,0.8752534508976906,0.490354004698802,0.324382040199291
17.12,61.905,-0.165,-0.25,61.935,-0.045,-0.08,0.660677139764726,0.370139279133161,0.246419666442273
17.13,61.905,-0.165,-0.25,62.21,-0.15,0.13,0.7411432564395877,0.415219800870125,0.459907361168113
17.14,61.905,-0.165,-0.25,62.435,-0.06,-0.265,1.1166518009222757,0.62559557103018,0.478880551737579
17.15,61.905,-0.165,-0.25,61.94,-0.26,-0.345,0.9288975286809318,0.520407686230273,0.170665634134801
17.16,61.905,-0.165,-0.25,62.265,0.29,-0.4,1.3580501509468608,0.760837137361557,0.759287943865976
17.17,61.905,-0.165,-0.25,62.155,-0.145,-0.155,0.9288975286809318,0.520407686230273,0.235408986168312
17.18,61.905,-0.165,-0.25,61.79,-0.475,-0.2,0.6874991786563465,0.385166119898896,0.469001823318402
17.19,61.905,-0.165,-0.25,62.045,0.095,-0.275,1.1702958787055167,0.655649252561651,0.406851168543795
17.20,61.905,-0.165,-0.25,61.91,-0.605,-0.335,1.0093636453557935,0.565488207967238,0.647867404416778
17.21,61.905,-0.165,-0.25,61.47,-0.145,-0.385,1.1971179175971374,0.670676093327386,0.397947687500579
17.22,61.905,-0.165,-0.25,62.08,-0.205,-0.095,1.036185684247414,0.580515048732973,0.222921604134649
17.23,61.905,-0.165,-0.25,62.54,-0.19,-0.415,0.9825416064641728,0.550461367201502,0.566683039772962
17.24,61.905,-0.165,-0.25,62.435,-0.265,-0.17,0.902075489789311,0.505380845464538,0.482769656164599
17.25,61.905,-0.165,-0.25,62.335,0.145,-0.145,0.6338551008731055,0.355112438367425,0.600716397940771
17.26,61.905,-0.165,-0.25,61.99,0.085,-0.285,1.2507619953803784,0.700729774298615,0.381601308936981
17.27,61.905,-0.165,-0.25,62.22,-0.135,0.1,0.5802110230898643,0.325058756835955,0.442456837878685
17.28,61.905,-0.165,-0.25,62.115,0.295,-0.475,1.277584034271999,0.71575661506435,0.741799674487814
17.29,61.905,-0.165,-0.25,61.98,0.005,-0.26,0.902075489789311,0.505380845464538,0.261342693584876
17.30,61.905,-0.165,-0.25,61.93,-0.45,0.025,0.7411432564395877,0.415219800870125,0.501691998369261
17.31,61.905,-0.165,-0.25,62.08,-0.125,-0.16,1.0898297620306552,0.610568730264444,0.183921038932512
17.32,61.905,-0.165,-0.25,62.325,0.28,0.27,1.036185684247414,0.580515048732973,0.915444505644386
17.33,61.905,-0.165,-0.25,62.01,-0.22,0.36,1.0093636453557935,0.565488207967238,0.617943459567443
17.34,61.905,-0.165,-0.25,62.155,-0.235,0.14,0.660677139764726,0.370139279133161,0.455135475241981
17.35,61.905,-0.165,-0.25,62.1,-0.095,-0.235,1.1702958787055167,0.655649252561651,0.197099162614029
17.36,61.905,-0.165,-0.25,62.14,-0.03,-0.385,1.2507619953803784,0.700729774298615,0.31409483354072
17.37,61.905,-0.165,-0.25,62.52,0.075,-0.28,0.8216093731144494,0.460300323167332,0.635923842511786
17.38,61.905,-0.165,-0.25,62.065,0.32,0.21,1.1702958787055167,0.655649252561651,0.867984668981967
17.39,61.905,-0.165,-0.25,61.48,0.035,-0.435,1.223939956488758,0.685702933532879,0.505464790966582
17.40,61.905,-0.165,-0.25,62.02,-0.075,-0.355,1.0898297620306552,0.610568730264444,0.196082871429562
17.41,61.905,-0.165,-0.25,62.24,-0.575,-0.105,1.0630077231390345,0.595541889498709,0.681510363181186
17.42,61.905,-0.165,-0.25,61.865,0.03,-0.07,0.8484314120060701,0.475327163933067,0.34273276424218
17.43,61.905,-0.165,-0.25,61.445,0.015,-0.235,1.1702958787055167,0.655649252561651,0.477879345871325
17.44,61.905,-0.165,-0.25,62.095,-0.315,-0.4,1.0898297620306552,0.610568730264444,0.310643466569232
17.45,61.905,-0.165,-0.25,61.475,-0.07,-0.505,1.1971179175971374,0.670676093327386,0.468710100355611
17.46,61.905,-0.165,-0.25,61.905,-0.13,-0.495,1.33122811205524,0.745810296595821,0.246793601012476
17.47,61.905,-0.165,-0.25,61.95,-0.13,-0.255,1.1702958787055167,0.655649252561651,0.0648880183714646
17.48,61.905,-0.165,-0.25,62.1,0.24,-0.41,1.1166518009222757,0.62559557103018,0.64600403953624
17.49,61.905,-0.165,-0.25,61.61,-0.11,-0.305,1.2507619953803784,0.700729774298615,0.271676796485084
17.50,61.905,-0.165,-0.25,61.51,-0.145,-0.34,1.2507619953803784,0.700729774298615,0.352060822406783
