Pair,L1,a1,b1,L2,a2,b2,DV,DV normF3,DECIEDE2000,GradoDE00
1.367,27.600302,-29.435375,-12.171539,27.407864,-27.469625,-11.203574,0.866388,0.836460606436849,0.947285560493119,0.2990707142800948
1.887,27.899317,-29.165134,-9.072701,28.353571,-29.090569,-11.229582,2.54,2.45226150448713,1.45624135883702,0.2990707142800948
1.405,90.802719,-2.08146,1.455719,91.098381,-0.745106,1.522774,2.07852,2.00672227649866,1.84439998431562,0.28492997913424806
1.417,90.802719,-2.08146,1.455719,92.420166,-2.623296,2.606,0.572519,0.552742639483255,1.5688152159157,0.28492997913424806
1.405,90.802719,-2.08146,1.455719,91.098381,-0.745106,1.522774,2.07852,2.00672227649866,1.84439998431562,0.15583621539706188
1.419,90.802719,-2.08146,1.455719,89.528664,-2.067738,0.463302,0.557252,0.538003003109631,1.22450779535196,0.15583621539706188
1.424,41.720253,3.289109,-17.93857,41.657719,4.867814,-16.720016,3.17201,3.06244016332607,2.26753425900935,0.46837299668954185
1.428,41.720253,3.289109,-17.93857,42.077229,5.234933,-18.750866,1.58273,1.5280582090539,1.9802384544281,0.46837299668954185
1.424,41.720253,3.289109,-17.93857,41.657719,4.867814,-16.720016,3.17201,3.06244016332607,2.26753425900935,0.21094428145639987
1.690,42.0,3.116429,-15.347556,42.261749,4.568511,-18.164015,1.74,1.67989567630221,1.9027014131889,0.21094428145639987
1.471,60.781628,26.628914,-14.850884,60.293129,23.880619,-12.667847,1.84143,1.7778220087432,1.63308205099806,0.15679871260115147
1.484,60.781628,26.628914,-14.850884,60.957733,22.270672,-13.737035,3.24916,3.13692519288166,2.14095562227485,0.15679871260115147
1.608,64.314461,-0.04561,-0.044272,62.701313,-0.078866,-0.016986,1.4,1.35164019932362,1.35410172167071,0.4805077064456275
7.416,63.78670046345174,0.03242080829907179,0.10035764877245335,61.68871986942695,0.16649838872390132,-0.006524398489138328,2.999064,2.89546818767449,1.7919385620168,0.4805077064456275
1.723,65.826447,-1.626604,5.562673,65.787575,-0.392725,1.412608,4.44,4.28663034642633,3.8801300450876,0.7496765994209834
3.486,66.627518,-1.538718,3.45059,65.99086,0.428235,0.125481,1.71328,1.65409865764083,4.17660785982174,0.7496765994209834
1.731,40.361057,-22.629972,-20.694771,41.008755,-26.057306,-23.354427,2.0,1.93091457046231,1.86667094806585,0.7281429714172173
3.246,39.193775,-23.298607,-22.621935,41.047153,-26.06106,-24.810497,4.00997,3.87145475005837,2.15578470208678,0.7281429714172173
1.731,40.361057,-22.629972,-20.694771,41.008755,-26.057306,-23.354427,2.0,1.93091457046231,1.86667094806585,0.5543666029725087
3.247,39.193775,-23.298607,-22.621935,41.058342,-24.492168,-25.305843,4.48726,4.33225785772635,2.05201069237894,0.5543666029725087
1.755,52.297634,40.631897,55.162148,53.156815,44.695847,56.706951,1.55,1.49645879210829,1.8352507705738,0.1553656195836439
3.398,52.495605,42.108311,56.62326,51.815723,37.976288,52.76247,3.55205,3.42935255000532,1.65559775540762,0.1553656195836439
1.755,52.297634,40.631897,55.162148,53.156815,44.695847,56.706951,1.55,1.49645879210829,1.8352507705738,0.233411453979424
3.399,52.495605,42.108311,56.62326,51.027096,40.209427,53.043381,3.10411,2.99688561365888,1.79449658255,0.233411453979424
1.756,51.916264,42.040627,55.536186,51.336044,41.654499,52.876324,0.9,0.868911556708039,1.13686932828116,0.28615603954988333
3.396,52.495605,42.108311,56.62326,51.854164,40.490696,54.537426,2.3629,2.28127901927269,0.901179621041073,0.28615603954988333
1.756,51.916264,42.040627,55.536186,51.336044,41.654499,52.876324,0.9,0.868911556708039,1.13686932828116,0.3530176795572815
3.399,52.495605,42.108311,56.62326,51.027096,40.209427,53.043381,3.10411,2.99688561365888,1.79449658255,0.3530176795572815
1.757,50.990017,39.760155,56.681999,51.255623,41.681393,52.987293,1.34,1.29371276220975,2.32337874486074,0.15750396039019054
1.1071,51.496315,40.923615,50.700367,51.065292,40.159676,57.216358,3.03,2.9253355742504,3.01917519939491,0.15750396039019054
1.757,50.990017,39.760155,56.681999,51.255623,41.681393,52.987293,1.34,1.29371276220975,2.32337874486074,0.3170861476742578
3.399,52.495605,42.108311,56.62326,51.027096,40.209427,53.043381,3.10411,2.99688561365888,1.79449658255,0.3170861476742578
1.806,46.803467,11.959779,-15.394556,46.974487,8.613555,-14.298701,3.1,2.99291758421658,2.82733868722919,0.3033223270925442
1.1274,46.882519,11.672404,-14.785732,47.981628,9.275043,-12.686072,1.56863,1.51444526133215,2.35018550579429,0.3033223270925442
1.809,47.5723,10.232026,-11.953878,47.494961,9.856531,-16.137222,3.29,3.1763544684105,3.0306762235999,0.1886721936250853
1.1274,46.882519,11.672404,-14.785732,47.981628,9.275043,-12.686072,1.56863,1.51444526133215,2.35018550579429,0.1886721936250853
1.813,46.431919,-4.950848,-25.982868,47.131535,-1.512309,-26.65633,2.95,2.84809899143191,2.82851425289576,0.30472556414741625
1.1153,47.235798,-4.873497,-25.659845,48.373238,-2.047321,-26.305017,1.4988,1.44702737910445,2.52454012384203,0.30472556414741625
1.817,70.573441,-18.557749,-0.514448,72.839188,-21.568192,-1.059623,2.02,1.95022371616693,2.50760568421309,0.15360846361346417
1.1164,71.214287,-18.133331,-0.36693,71.001717,-22.70315,1.055757,3.48454,3.36417452867937,2.87006251855077,0.15360846361346417
1.843,56.367054,-32.096081,-1.607512,56.127823,-28.616831,1.532325,3.09,2.98326301136427,2.6204576782416,0.1508090922655947
1.1598,56.257603,-31.848982,0.211115,54.793133,-29.13352,0.893109,1.26062,1.2170747629081,1.86924800020505,0.1508090922655947
1.843,56.367054,-32.096081,-1.607512,56.127823,-28.616831,1.532325,3.09,2.98326301136427,2.6204576782416,0.17685647868382134
1.1600,56.257603,-31.848982,0.211115,54.4174,-30.098858,0.648465,1.11833,1.07969984579256,1.91186854379154,0.17685647868382134
1.843,56.367054,-32.096081,-1.607512,56.127823,-28.616831,1.532325,3.09,2.98326301136427,2.6204576782416,0.4466424968089926
7.227,56.13782038190075,-33.58755338003938,0.6850252091039621,56.13782038190075,-28.591036933536095,0.059207860898990994,1.193593,1.15236305745091,2.15918551635632,0.4466424968089926
1.843,56.367054,-32.096081,-1.607512,56.127823,-28.616831,1.532325,3.09,2.98326301136427,2.6204576782416,0.3286535743932098
7.247,56.15781146519707,-34.1114668264737,0.8295323992704606,56.05774503329822,-28.00815605770879,-0.19917430804949898,1.2927,1.24804663261831,2.68084625062854,0.3286535743932098
1.914,61.576488,2.079371,-0.70127,62.125904,-0.40505,-2.342728,4.25,4.10319346223241,4.0059331019301,0.3342643743990299
7.358,62.701314100441266,1.4379908404002495,-0.1751158566154487,62.57510908259357,-1.0865975402239436,0.3160591521840894,2.658653,2.56681590775166,3.75318573006797,0.3342643743990299
1.944,36.668377,-4.029605,28.151796,37.408195,-2.121273,26.353003,2.61,2.51984351445331,1.82133316470995,0.29043838932745525
1.946,37.225166,-4.06832,24.962427,36.836647,-3.874564,28.441769,1.12,1.08131215945889,1.6786814034569,0.29043838932745525
1.1063,39.29266,-21.427395,-21.015078,38.11919,-17.874346,-25.041441,2.56,2.47157065019176,3.34574810281045,0.4568807933465906
3.265,39.193775,-23.298607,-22.621935,36.689003,-19.948847,-26.094618,5.02658,4.85294828079722,3.50878237861095,0.4568807933465906
1.1101,71.282639,-7.052512,44.795494,71.398582,-2.6436,46.13401,4.26087,4.11368798292287,3.12142285281557,0.22100465444080794
1.1220,70.203941,-2.140631,43.501633,72.221817,-5.023428,45.402843,2.34875,2.26761779868667,2.54466547650979,0.22100465444080794
1.1103,71.282639,-7.052512,44.795494,71.758118,-10.273877,45.622677,2.89855,2.79842621410676,2.0885125482807,0.18133163833634544
1.1104,71.282639,-7.052512,44.795494,71.180069,-8.981453,43.858223,1.21739,1.17533804446756,1.40665424686993,0.18133163833634544
1.1104,71.282639,-7.052512,44.795494,71.180069,-8.981453,43.858223,1.21739,1.17533804446756,1.40665424686993,0.28584080179990395
1.1108,71.282639,-7.052512,44.795494,71.063538,-9.834064,45.700779,2.69565,2.60253493093336,1.78207368645383,0.28584080179990395
1.1104,71.282639,-7.052512,44.795494,71.180069,-8.981453,43.858223,1.21739,1.17533804446756,1.40665424686993,0.1843458755884546
1.1110,71.282639,-7.052512,44.795494,70.691292,-10.177248,44.336166,3.18841,3.07827366280387,2.15924066395049,0.1843458755884546
1.1116,65.592659,30.518431,37.095493,65.810898,27.048811,36.836468,1.5262,1.47348090871979,1.93982118211022,0.2972335159941374
1.1123,65.592659,30.518431,37.095493,65.810898,27.048811,36.836468,2.96128,2.85898934960931,1.93982118211022,0.2972335159941374
1.1120,65.592659,30.518431,37.095493,65.935089,28.613585,37.884537,1.23007,1.18758004284429,1.39880274222558,0.44998286742620075
1.1123,65.592659,30.518431,37.095493,65.810898,27.048811,36.836468,2.96128,2.85898934960931,1.93982118211022,0.44998286742620075
1.1122,65.592659,30.518431,37.095493,65.981567,26.952259,36.634029,1.27563,1.23156627675942,1.95703230787014,0.7223728667107635
1.1123,65.592659,30.518431,37.095493,65.810898,27.048811,36.836468,2.96128,2.85898934960931,1.93982118211022,0.7223728667107635
1.1153,47.235798,-4.873497,-25.659845,48.373238,-2.047321,-26.305017,1.4988,1.44702737910445,2.52454012384203,0.3292441874838687
1.1308,46.974487,-5.338224,-24.143667,49.093384,-2.556716,-25.326153,3.09751,2.99051359557635,3.08258261370663,0.3292441874838687
1.1153,47.235798,-4.873497,-25.659845,48.373238,-2.047321,-26.305017,1.4988,1.44702737910445,2.52454012384203,0.4625802564185041
1.1310,46.974487,-5.338224,-24.143667,49.019623,-2.420908,-26.008892,3.24092,3.12896982485135,3.07874963823327,0.4625802564185041
1.1153,47.235798,-4.873497,-25.659845,48.373238,-2.047321,-26.305017,1.4988,1.44702737910445,2.52454012384203,0.2511609092859506
1.1314,46.974487,-5.338224,-24.143667,49.130199,-2.920723,-24.231207,3.01147,2.90744565075506,2.96923527867304,0.2511609092859506
1.1158,71.214287,-18.133331,-0.36693,71.227966,-16.388208,2.159288,2.06186,1.99063775812671,2.22609538138891,0.3052294963765676
1.1159,71.214287,-18.133331,-0.36693,70.829529,-15.738812,2.106069,3.50515,3.38407260332798,2.49316942478352,0.3052294963765676
1.1159,71.214287,-18.133331,-0.36693,70.829529,-15.738812,2.106069,3.50515,3.38407260332798,2.49316942478352,0.3475330643159933
1.1165,71.214287,-18.133331,-0.36693,71.063538,-17.569584,2.338595,1.95876,1.89109911201938,2.0326510465304,0.3475330643159933
1.1163,71.214287,-18.133331,-0.36693,71.609238,-15.665607,1.761258,3.36082,3.24472815335057,2.3396910757737,0.20708603412284265
1.1165,71.214287,-18.133331,-0.36693,71.063538,-17.569584,2.338595,1.95876,1.89109911201938,2.0326510465304,0.20708603412284265
1.1163,71.214287,-18.133331,-0.36693,71.609238,-15.665607,1.761258,3.36082,3.24472815335057,2.3396910757737,0.1764566915137273
1.1170,71.214287,-18.133331,-0.36693,71.084129,-16.117289,0.823676,1.6701,1.61241021206455,1.61836230645213,0.1764566915137273
1.1163,71.214287,-18.133331,-0.36693,71.609238,-15.665607,1.761258,3.36082,3.24472815335057,2.3396910757737,0.19850227341877696
1.1344,71.825623,-18.089138,-0.94298,72.188377,-15.346027,-1.485301,1.73097,1.67117759701657,1.94147531912478,0.19850227341877696
1.1188,52.707874,-0.509537,0.432108,53.254585,1.798958,-0.066632,2.36364,2.28199345766377,3.43171717958978,0.16119973438401616
1.1354,52.960438,-0.215942,0.16867,52.960438,2.151435,-1.579021,3.7037,3.57576414731063,3.72113995489737,0.16119973438401616
1.1188,52.707874,-0.509537,0.432108,53.254585,1.798958,-0.066632,2.36364,2.28199345766377,3.43171717958978,0.25451499544070466
1.1368,52.960438,-0.215942,0.16867,52.073818,1.686308,-2.588133,3.8963,3.76171122044615,3.79165722342004,0.25451499544070466
1.1232,65.388947,31.454832,35.579201,65.026024,30.09618,35.007328,0.220327,0.212716307283125,0.684079113665557,0.19555216896036387
1.1248,65.388947,31.454832,35.579201,65.200005,30.516371,37.189526,1.70576,1.64683841885589,1.22368645134607,0.19555216896036387
1.1291,46.974487,-5.338224,-24.143667,49.044228,-2.03844,-25.081593,3.34608,3.23049731296626,3.41001429926437,0.22623919765121062
1.1302,46.974487,-5.338224,-24.143667,50.08511,-5.116676,-23.47584,1.35755,1.31065653756555,3.11065299128791,0.22623919765121062
1.1292,46.974487,-5.338224,-24.143667,50.132732,-5.439182,-23.602091,1.47228,1.42142345190012,3.14602643706531,0.17308501403369736
1.1308,46.974487,-5.338224,-24.143667,49.093384,-2.556716,-25.326153,3.09751,2.99051359557635,3.08258261370663,0.17308501403369736
1.1292,46.974487,-5.338224,-24.143667,50.132732,-5.439182,-23.602091,1.47228,1.42142345190012,3.14602643706531,0.284756283068849
1.1314,46.974487,-5.338224,-24.143667,49.130199,-2.920723,-24.231207,3.01147,2.90744565075506,2.96923527867304,0.284756283068849
1.1293,46.974487,-5.338224,-24.143667,49.0811,-5.199367,-24.532782,0.917782,0.886079318154019,2.08974074194146,0.15470867356727563
1.1312,46.974487,-5.338224,-24.143667,47.879787,-7.771471,-24.548243,2.3327,2.25212220925871,2.15359668765549,0.15470867356727563
1.1293,46.974487,-5.338224,-24.143667,49.0811,-5.199367,-24.532782,0.917782,0.886079318154019,2.08974074194146,0.151594584813165
1.1313,46.974487,-5.338224,-24.143667,48.045116,-7.795154,-24.376974,2.32314,2.2428924376119,2.23505204829801,0.151594584813165
1.1293,46.974487,-5.338224,-24.143667,49.0811,-5.199367,-24.532782,0.917782,0.886079318154019,2.08974074194146,0.22210472142949103
1.1315,46.974487,-5.338224,-24.143667,49.0811,-3.066265,-25.438837,2.78203,2.68593113123163,2.77561367178251,0.22210472142949103
1.1294,46.974487,-5.338224,-24.143667,48.772537,-2.672256,-26.252129,2.81071,2.71362044617206,2.76293323129306,0.1780513762941414
1.1304,46.974487,-5.338224,-24.143667,49.093384,-5.260174,-24.724117,0.8413,0.81223921406497,2.10770063923317,0.1780513762941414
1.1296,46.974487,-5.338224,-24.143667,49.374592,-6.211933,-26.086388,2.31358,2.23366266596509,2.63817711417305,0.2202280873293128
1.1304,46.974487,-5.338224,-24.143667,49.093384,-5.260174,-24.724117,0.8413,0.81223921406497,2.10770063923317,0.2202280873293128
1.1302,46.974487,-5.338224,-24.143667,50.08511,-5.116676,-23.47584,1.35755,1.31065653756555,3.11065299128791,0.2836040720961544
1.1308,46.974487,-5.338224,-24.143667,49.093384,-2.556716,-25.326153,3.09751,2.99051359557635,3.08258261370663,0.2836040720961544
1.1302,46.974487,-5.338224,-24.143667,50.08511,-5.116676,-23.47584,1.35755,1.31065653756555,3.11065299128791,0.15452830675055834
1.1310,46.974487,-5.338224,-24.143667,49.019623,-2.420908,-26.008892,3.24092,3.12896982485135,3.07874963823327,0.15452830675055834
1.1302,46.974487,-5.338224,-24.143667,50.08511,-5.116676,-23.47584,1.35755,1.31065653756555,3.11065299128791,0.48227294747315264
1.1314,46.974487,-5.338224,-24.143667,49.130199,-2.920723,-24.231207,3.01147,2.90744565075506,2.96923527867304,0.48227294747315264
1.1304,46.974487,-5.338224,-24.143667,49.093384,-5.260174,-24.724117,0.8413,0.81223921406497,2.10770063923317,0.231182679940099
1.1312,46.974487,-5.338224,-24.143667,47.879787,-7.771471,-24.548243,2.3327,2.25212220925871,2.15359668765549,0.231182679940099
1.1304,46.974487,-5.338224,-24.143667,49.093384,-5.260174,-24.724117,0.8413,0.81223921406497,2.10770063923317,0.22647720823302528
1.1313,46.974487,-5.338224,-24.143667,48.045116,-7.795154,-24.376974,2.32314,2.2428924376119,2.23505204829801,0.22647720823302528
1.1304,46.974487,-5.338224,-24.143667,49.093384,-5.260174,-24.724117,0.8413,0.81223921406497,2.10770063923317,0.2623465216626657
1.1315,46.974487,-5.338224,-24.143667,49.0811,-3.066265,-25.438837,2.78203,2.68593113123163,2.77561367178251,0.2623465216626657
1.1306,46.974487,-5.338224,-24.143667,48.809723,-5.845305,-23.965975,0.965583,0.932229141845354,1.85802803627099,0.16202839870476501
1.1312,46.974487,-5.338224,-24.143667,47.879787,-7.771471,-24.548243,2.3327,2.25212220925871,2.15359668765549,0.16202839870476501
1.1307,46.974487,-5.338224,-24.143667,48.871597,-5.8938,-24.960522,0.975143,0.941458913492164,1.96909291881226,0.16037908287976185
1.1312,46.974487,-5.338224,-24.143667,47.879787,-7.771471,-24.548243,2.3327,2.25212220925871,2.15359668765549,0.16037908287976185
1.1394,61.316254,0.500816,0.336991,61.194206,0.547476,-0.971859,1.34424,1.29780630109913,1.28250266275383,0.2706424853280453
7.416,63.78670046345174,0.03242080829907179,0.10035764877245335,61.68871986942695,0.16649838872390132,-0.006524398489138328,2.999064,2.89546818767449,1.7919385620168,0.2706424853280453
1.1417,61.316254,0.500816,0.336991,59.562099,0.4567,0.35468,1.52502,1.47234166912322,1.53489449957057,0.20783596862300394
7.416,63.78670046345174,0.03242080829907179,0.10035764877245335,61.68871986942695,0.16649838872390132,-0.006524398489138328,2.999064,2.89546818767449,1.7919385620168,0.20783596862300394
1.1425,61.316254,0.500816,0.336991,62.499191,0.306014,0.539054,1.17392,1.13336961627856,1.07265182493513,0.2142782252852301
7.416,63.78670046345174,0.03242080829907179,0.10035764877245335,61.68871986942695,0.16649838872390132,-0.006524398489138328,2.999064,2.89546818767449,1.7919385620168,0.2142782252852301
1.1427,61.316254,0.500816,0.336991,62.676105,-0.125571,1.077713,1.64045,1.58378440355745,1.66017804359733,0.18851410704813112
7.416,63.78670046345174,0.03242080829907179,0.10035764877245335,61.68871986942695,0.16649838872390132,-0.006524398489138328,2.999064,2.89546818767449,1.7919385620168,0.18851410704813112
1.1428,61.316254,0.500816,0.336991,61.972164,0.004307,0.847712,1.14551,1.10594097480514,1.05872214074346,0.17923156635876591
7.416,63.78670046345174,0.03242080829907179,0.10035764877245335,61.68871986942695,0.16649838872390132,-0.006524398489138328,2.999064,2.89546818767449,1.7919385620168,0.17923156635876591
1.1439,61.316254,0.500816,0.336991,59.186619,0.456052,0.390336,1.55636,1.50259910044236,1.8684682169114,0.15316372092733938
7.416,63.78670046345174,0.03242080829907179,0.10035764877245335,61.68871986942695,0.16649838872390132,-0.006524398489138328,2.999064,2.89546818767449,1.7919385620168,0.15316372092733938
1.1460,44.801201,38.272358,23.265364,44.773037,38.029533,19.561604,2.72078,2.62679687251122,2.13445242652329,0.37521176494856606
7.232,44.58934775569448,39.08073030870446,25.054230400583457,44.518399976803536,38.51998356159486,21.88085916778334,1.081559,1.04419901595732,1.72219332581613,0.37521176494856606
1.1460,44.801201,38.272358,23.265364,44.773037,38.029533,19.561604,2.72078,2.62679687251122,2.13445242652329,0.1662081838929386
7.251,44.57517149224873,39.72815094261306,25.632041471795464,44.60351738852064,38.781360410799046,21.746531549356305,1.24961,1.2064450781977,2.05091307129697,0.1662081838929386
1.1460,44.801201,38.272358,23.265364,44.773037,38.029533,19.561604,2.72078,2.62679687251122,2.13445242652329,0.2733226530400844
7.346,44.518399976803536,38.07475025490275,22.14004500426815,44.34744313390436,36.02372896502304,23.779882287815145,1.072941,1.0358787050732,1.66838563315293,0.2733226530400844
1.1460,44.801201,38.272358,23.265364,44.773037,38.029533,19.561604,2.72078,2.62679687251122,2.13445242652329,0.20288866475509798
7.352,44.518399976803536,38.519666028744126,21.880905505662586,45.67525911468617,37.772687778959316,23.457194431691097,1.197902,1.15652321289297,1.57811105565571,0.20288866475509798
1.1501,86.942886,-5.772712,47.495819,86.957611,-6.088197,52.70649,1.69703,1.63840997675583,1.60589854720116,0.31123470830508904
7.240,86.72640091225273,-7.38263127534966,51.29478361952613,88.85627457640994,-7.0765063655120475,46.83697535626528,3.248986,3.13675720331403,1.9517560181401,0.31123470830508904
1.1502,86.942886,-5.772712,47.495819,87.060585,-5.84185,50.910049,1.29673,1.25193742547779,1.0779790699554,0.19141593964508147
7.220,86.79045710747162,-7.375172782476291,50.369302143230854,88.5001508082956,-6.999565974377453,46.934574304835365,2.731906,2.6375385502667,1.53692296325193,0.19141593964508147
1.1503,86.942886,-5.772712,47.495819,86.869186,-5.752945,52.251942,1.50579,1.45377592552822,1.49746021979105,0.4316376481005791
7.240,86.72640091225273,-7.38263127534966,51.29478361952613,88.85627457640994,-7.0765063655120475,46.83697535626528,3.248986,3.13675720331403,1.9517560181401,0.4316376481005791
1.1504,86.942886,-5.772712,47.495819,86.942886,-5.30717,51.441093,1.39169,1.34361724928335,1.33667087337365,0.2710941486192866
7.240,86.72640091225273,-7.38263127534966,51.29478361952613,88.85627457640994,-7.0765063655120475,46.83697535626528,3.248986,3.13675720331403,1.9517560181401,0.2710941486192866
1.1505,86.942886,-5.772712,47.495819,87.021385,-5.284764,50.634026,1.25534,1.21197714844208,1.10394095529842,0.21797989821498567
7.220,86.79045710747162,-7.375172782476291,50.369302143230854,88.5001508082956,-6.999565974377453,46.934574304835365,2.731906,2.6375385502667,1.53692296325193,0.21797989821498567
1.1506,86.942886,-5.772712,47.495819,86.977242,-4.91089,50.231388,1.14205,1.10260049259824,1.12502864479034,0.3052050674283084
7.220,86.79045710747162,-7.375172782476291,50.369302143230854,88.5001508082956,-6.999565974377453,46.934574304835365,2.731906,2.6375385502667,1.53692296325193,0.3052050674283084
1.1524,86.942886,-5.772712,47.495819,90.234093,-7.152112,48.311054,1.35722,1.31033793666143,2.27394355025084,0.22044654895760413
7.387,86.66226473133806,-8.655376198553666,45.93090575607588,88.85627457640994,-7.076514368708542,46.83698925470898,3.167115,3.05771424991487,1.81869642534546,0.22044654895760413
1.1524,86.942886,-5.772712,47.495819,90.234093,-7.152112,48.311054,1.35722,1.31033793666143,2.27394355025084,0.3566930666021352
7.415,88.85627457640994,-7.076385022080078,46.83691701412658,85.15429599479369,-6.764808738795591,45.60100900775963,3.0163,2.91210880944273,2.42294693343611,0.3566930666021352
1.1525,86.942886,-5.772712,47.495819,90.852867,-7.076853,48.666359,1.35722,1.31033793666143,2.62276527551165,0.2604404267149628
7.415,88.85627457640994,-7.076385022080078,46.83691701412658,85.15429599479369,-6.764808738795591,45.60100900775963,3.0163,2.91210880944273,2.42294693343611,0.2604404267149628
1.1526,86.942886,-5.772712,47.495819,90.016968,-6.537256,48.306755,1.37699,1.32942502719045,2.02255580163303,0.27580995212350695
7.387,86.66226473133806,-8.655376198553666,45.93090575607588,88.85627457640994,-7.076514368708542,46.83698925470898,3.167115,3.05771424991487,1.81869642534546,0.27580995212350695
1.1526,86.942886,-5.772712,47.495819,90.016968,-6.537256,48.306755,1.37699,1.32942502719045,2.02255580163303,0.3036257183369801
7.415,88.85627457640994,-7.076385022080078,46.83691701412658,85.15429599479369,-6.764808738795591,45.60100900775963,3.0163,2.91210880944273,2.42294693343611,0.3036257183369801
1.1528,86.942886,-5.772712,47.495819,89.92894,-6.048702,48.919006,1.37699,1.32942502719045,1.95339961568288,0.2165369311710945
7.387,86.66226473133806,-8.655376198553666,45.93090575607588,88.85627457640994,-7.076514368708542,46.83698925470898,3.167115,3.05771424991487,1.81869642534546,0.2165369311710945
1.1528,86.942886,-5.772712,47.495819,89.92894,-6.048702,48.919006,1.37699,1.32942502719045,1.95339961568288,0.21068210278289512
7.415,88.85627457640994,-7.076385022080078,46.83691701412658,85.15429599479369,-6.764808738795591,45.60100900775963,3.0163,2.91210880944273,2.42294693343611,0.21068210278289512
1.1532,86.942886,-5.772712,47.495819,88.695129,-4.68992,49.183746,0.971898,0.938326004601588,1.48710918987188,0.19821077518511201
7.220,86.79045710747162,-7.375172782476291,50.369302143230854,88.5001508082956,-6.999565974377453,46.934574304835365,2.731906,2.6375385502667,1.53692296325193,0.19821077518511201
1.1539,86.942886,-5.772712,47.495819,84.63295,-4.435321,47.322914,1.02671,0.991244649319678,1.75197462986477,0.1528866796406979
7.357,86.79538120123281,-5.232970360815381,45.99042257193604,86.66226473133806,-8.655423257634798,45.93080109446623,3.111098,3.00363222916807,2.29111146791054,0.1528866796406979
1.1539,86.942886,-5.772712,47.495819,84.63295,-4.435321,47.322914,1.02671,0.991244649319678,1.75197462986477,0.15499423723279593
7.388,86.66226473133806,-8.655376198553666,45.93090575607588,85.15429599479369,-6.764933318208211,45.60107876864381,2.774996,2.67914010468731,1.5740700765611,0.15499423723279593
1.1540,86.942886,-5.772712,47.495819,83.620949,-4.067536,47.059071,1.25534,1.21197714844208,2.45708314780465,0.19059033697053504
7.415,88.85627457640994,-7.076385022080078,46.83691701412658,85.15429599479369,-6.764808738795591,45.60100900775963,3.0163,2.91210880944273,2.42294693343611,0.19059033697053504
1.1542,86.942886,-5.772712,47.495819,83.431854,-4.192916,46.389454,1.21836,1.17627453803423,2.54007403204786,0.2638991571462791
7.415,88.85627457640994,-7.076385022080078,46.83691701412658,85.15429599479369,-6.764808738795591,45.60100900775963,3.0163,2.91210880944273,2.42294693343611,0.2638991571462791
1.1544,86.942886,-5.772712,47.495819,89.896469,-6.907967,49.961231,1.12526,1.08639046477921,2.11385918012187,0.21967322494577493
7.240,86.72640091225273,-7.38263127534966,51.29478361952613,88.85627457640994,-7.0765063655120475,46.83697535626528,3.248986,3.13675720331403,1.9517560181401,0.21967322494577493
1.1544,86.942886,-5.772712,47.495819,89.896469,-6.907967,49.961231,1.12526,1.08639046477921,2.11385918012187,0.19675952018112547
7.415,88.85627457640994,-7.076385022080078,46.83691701412658,85.15429599479369,-6.764808738795591,45.60100900775963,3.0163,2.91210880944273,2.42294693343611,0.19675952018112547
1.1546,86.942886,-5.772712,47.495819,89.794304,-7.220405,50.10902,1.00259,0.967957819599903,2.1365068150797,0.16510023582839467
7.220,86.79045710747162,-7.375172782476291,50.369302143230854,88.5001508082956,-6.999565974377453,46.934574304835365,2.731906,2.6375385502667,1.53692296325193,0.16510023582839467
1.1546,86.942886,-5.772712,47.495819,89.794304,-7.220405,50.10902,1.00259,0.967957819599903,2.1365068150797,0.2740376752407459
7.240,86.72640091225273,-7.38263127534966,51.29478361952613,88.85627457640994,-7.0765063655120475,46.83697535626528,3.248986,3.13675720331403,1.9517560181401,0.2740376752407459
1.1546,86.942886,-5.772712,47.495819,89.794304,-7.220405,50.10902,1.00259,0.967957819599903,2.1365068150797,0.1848330867499563
7.415,88.85627457640994,-7.076385022080078,46.83691701412658,85.15429599479369,-6.764808738795591,45.60100900775963,3.0163,2.91210880944273,2.42294693343611,0.1848330867499563
1.1547,86.942886,-5.772712,47.495819,89.435135,-7.567106,50.443893,1.12526,1.08639046477921,2.0792271183787,0.21420270456612744
7.220,86.79045710747162,-7.375172782476291,50.369302143230854,88.5001508082956,-6.999565974377453,46.934574304835365,2.731906,2.6375385502667,1.53692296325193,0.21420270456612744
1.1547,86.942886,-5.772712,47.495819,89.435135,-7.567106,50.443893,1.12526,1.08639046477921,2.0792271183787,0.43220002330492074
7.240,86.72640091225273,-7.38263127534966,51.29478361952613,88.85627457640994,-7.0765063655120475,46.83697535626528,3.248986,3.13675720331403,1.9517560181401,0.43220002330492074
1.1548,86.942886,-5.772712,47.495819,87.930069,-6.99113,49.122559,1.20766,1.16594414508226,1.07243488306557,0.27869464748555434
7.220,86.79045710747162,-7.375172782476291,50.369302143230854,88.5001508082956,-6.999565974377453,46.934574304835365,2.731906,2.6375385502667,1.53692296325193,0.27869464748555434
1.1549,86.942886,-5.772712,47.495819,87.881874,-7.838681,49.903168,1.35722,1.31033793666143,1.53133486895578,0.1822965270875482
7.220,86.79045710747162,-7.375172782476291,50.369302143230854,88.5001508082956,-6.999565974377453,46.934574304835365,2.731906,2.6375385502667,1.53692296325193,0.1822965270875482
1.1549,86.942886,-5.772712,47.495819,87.881874,-7.838681,49.903168,1.35722,1.31033793666143,1.53133486895578,0.5435988157608614
7.240,86.72640091225273,-7.38263127534966,51.29478361952613,88.85627457640994,-7.0765063655120475,46.83697535626528,3.248986,3.13675720331403,1.9517560181401,0.5435988157608614
1.1550,86.942886,-5.772712,47.495819,87.143791,-7.264488,49.269188,1.20766,1.16594414508226,1.03686867969777,0.2738396622696121
7.220,86.79045710747162,-7.375172782476291,50.369302143230854,88.5001508082956,-6.999565974377453,46.934574304835365,2.731906,2.6375385502667,1.53692296325193,0.2738396622696121
1.1551,86.942886,-5.772712,47.495819,86.672134,-7.051656,48.489632,1.09689,1.0590004415972,0.859300992506185,0.16129464679728067
7.220,86.79045710747162,-7.375172782476291,50.369302143230854,88.5001508082956,-6.999565974377453,46.934574304835365,2.731906,2.6375385502667,1.53692296325193,0.16129464679728067
1.1553,86.942886,-5.772712,47.495819,85.342087,-6.53405,47.917694,1.09689,1.0590004415972,1.1536183451836,0.25556656691651697
7.220,86.79045710747162,-7.375172782476291,50.369302143230854,88.5001508082956,-6.999565974377453,46.934574304835365,2.731906,2.6375385502667,1.53692296325193,0.25556656691651697
1.1553,86.942886,-5.772712,47.495819,85.342087,-6.53405,47.917694,1.09689,1.0590004415972,1.1536183451836,0.1709530753781072
7.388,86.66226473133806,-8.655376198553666,45.93090575607588,85.15429599479369,-6.764933318208211,45.60107876864381,2.774996,2.67914010468731,1.5740700765611,0.1709530753781072
1.1554,86.942886,-5.772712,47.495819,83.986595,-7.07474,47.7943,1.50579,1.45377592552822,2.11347106998291,0.21825470939663302
7.415,88.85627457640994,-7.076385022080078,46.83691701412658,85.15429599479369,-6.764808738795591,45.60100900775963,3.0163,2.91210880944273,2.42294693343611,0.21825470939663302
1.1556,86.942886,-5.772712,47.495819,84.730469,-5.735581,46.802689,0.814336,0.786206623825997,1.45993737007331,0.2090685144868623
7.348,86.84459621387502,-5.494853895071373,45.90485771923463,86.67707250086858,-8.362967596418914,46.01061550923815,2.572473,2.48361279891044,1.91048458074635,0.2090685144868623
1.1556,86.942886,-5.772712,47.495819,84.730469,-5.735581,46.802689,0.814336,0.786206623825997,1.45993737007331,0.16791414807876953
7.387,86.66226473133806,-8.655376198553666,45.93090575607588,88.85627457640994,-7.076514368708542,46.83698925470898,3.167115,3.05771424991487,1.81869642534546,0.16791414807876953
1.1556,86.942886,-5.772712,47.495819,84.730469,-5.735581,46.802689,0.814336,0.786206623825997,1.45993737007331,0.3381572828464128
7.388,86.66226473133806,-8.655376198553666,45.93090575607588,85.15429599479369,-6.764933318208211,45.60107876864381,2.774996,2.67914010468731,1.5740700765611,0.3381572828464128
1.1556,86.942886,-5.772712,47.495819,84.730469,-5.735581,46.802689,0.814336,0.786206623825997,1.45993737007331,0.2953081392918619
7.411,88.5001508082956,-6.999608741285468,46.93455633577908,85.59476319960956,-6.778466906279701,45.48309821901271,2.365641,2.28392533769151,1.93126916819265,0.2953081392918619
1.1557,86.942886,-5.772712,47.495819,84.02301,-5.473374,46.072578,1.26056,1.21701683547098,1.96832640882811,0.45125968412156464
7.415,88.85627457640994,-7.076385022080078,46.83691701412658,85.15429599479369,-6.764808738795591,45.60100900775963,3.0163,2.91210880944273,2.42294693343611,0.45125968412156464
1.1558,86.942886,-5.772712,47.495819,82.838913,-4.949241,45.06913,1.4256,1.37635590582553,2.84389222839826,0.18320854546406734
7.415,88.85627457640994,-7.076385022080078,46.83691701412658,85.15429599479369,-6.764808738795591,45.60100900775963,3.0163,2.91210880944273,2.42294693343611,0.18320854546406734
1.1559,86.942886,-5.772712,47.495819,83.730927,-4.788652,45.390114,1.14205,1.10260049259824,2.27792317402814,0.15224221127527338
7.357,86.79538120123281,-5.232970360815381,45.99042257193604,86.66226473133806,-8.655423257634798,45.93080109446623,3.111098,3.00363222916807,2.29111146791054,0.15224221127527338
1.1559,86.942886,-5.772712,47.495819,83.730927,-4.788652,45.390114,1.14205,1.10260049259824,2.27792317402814,0.5158332456042717
7.415,88.85627457640994,-7.076385022080078,46.83691701412658,85.15429599479369,-6.764808738795591,45.60100900775963,3.0163,2.91210880944273,2.42294693343611,0.5158332456042717
1.1561,86.942886,-5.772712,47.495819,83.247322,-4.40695,44.697357,1.0854,1.04790733738989,2.70392923945164,0.29901722048244495
7.415,88.85627457640994,-7.076385022080078,46.83691701412658,85.15429599479369,-6.764808738795591,45.60100900775963,3.0163,2.91210880944273,2.42294693343611,0.29901722048244495
1.1738,62.634056,0.170875,0.072071,62.296021,-0.114694,0.009315,0.487271,0.47043933683187,0.518738446648906,0.22571960742240468
7.55,62.650880690858955,0.13654519266420584,0.058882039320318214,63.78670046345174,0.03275433208632661,0.10033283052226505,1.917505,1.85126917171716,0.969591759766644,0.22571960742240468
1.1738,62.634056,0.170875,0.072071,62.296021,-0.114694,0.009315,0.487271,0.47043933683187,0.518738446648906,0.24137545403541202
7.407,63.26843012799614,0.12805498690454664,-0.13779436981593562,62.19404048836513,0.13904050928265077,0.13632816855941865,1.917505,1.85126917171716,0.950497521513414,0.24137545403541202
1.1738,62.634056,0.170875,0.072071,62.296021,-0.114694,0.009315,0.487271,0.47043933683187,0.518738446648906,0.17783410396556107
7.412,63.5160681944692,0.10321987948291866,0.08609954516600737,62.02347818323405,0.10674243497249547,0.20088653655014888,2.344096,2.26312456048121,1.2692217359549,0.17783410396556107
1.1739,62.634056,0.170875,0.072071,62.776844,0.203575,0.006585,0.133815,0.129192666623207,0.145782516979811,0.161898199515255
7.54,62.650880690858955,0.13654519266420584,0.058882039320318214,63.5160681944692,0.10352450549339087,0.08620181826528572,1.572785,1.51845673635228,0.731850287746402,0.161898199515255
1.1740,62.634056,0.170875,0.072071,62.448498,-0.001586,0.164428,0.322563,0.311420798296017,0.315961924494107,0.21301889238668273
7.55,62.650880690858955,0.13654519266420584,0.058882039320318214,63.78670046345174,0.03275433208632661,0.10033283052226505,1.917505,1.85126917171716,0.969591759766644,0.21301889238668273
1.1740,62.634056,0.170875,0.072071,62.448498,-0.001586,0.164428,0.322563,0.311420798296017,0.315961924494107,0.24063305675388147
7.407,63.26843012799614,0.12805498690454664,-0.13779436981593562,62.19404048836513,0.13904050928265077,0.13632816855941865,1.917505,1.85126917171716,0.950497521513414,0.24063305675388147
1.1741,62.634056,0.170875,0.072071,62.726505,0.667746,0.094038,0.80097,0.773302321751598,0.729306391071286,0.3065915529308544
7.412,63.5160681944692,0.10321987948291866,0.08609954516600737,62.02347818323405,0.10674243497249547,0.20088653655014888,2.344096,2.26312456048121,1.2692217359549,0.3065915529308544
1.1743,62.634056,0.170875,0.072071,62.625641,-0.134033,0.348298,0.474447,0.458058312606065,0.532364913058244,0.25358684733641906
7.55,62.650880690858955,0.13654519266420584,0.058882039320318214,63.78670046345174,0.03275433208632661,0.10033283052226505,1.917505,1.85126917171716,0.969591759766644,0.25358684733641906
1.1743,62.634056,0.170875,0.072071,62.625641,-0.134033,0.348298,0.474447,0.458058312606065,0.532364913058244,0.26324921621163977
7.407,63.26843012799614,0.12805498690454664,-0.13779436981593562,62.19404048836513,0.13904050928265077,0.13632816855941865,1.917505,1.85126917171716,0.950497521513414,0.26324921621163977
1.1743,62.634056,0.170875,0.072071,62.625641,-0.134033,0.348298,0.474447,0.458058312606065,0.532364913058244,0.19994336784961592
7.412,63.5160681944692,0.10321987948291866,0.08609954516600737,62.02347818323405,0.10674243497249547,0.20088653655014888,2.344096,2.26312456048121,1.2692217359549,0.19994336784961592
1.1744,62.634056,0.170875,0.072071,62.507633,0.002112,0.242606,0.29373,0.283583768390947,0.32283750873359,0.2416672601330847
7.55,62.650880690858955,0.13654519266420584,0.058882039320318214,63.78670046345174,0.03275433208632661,0.10033283052226505,1.917505,1.85126917171716,0.969591759766644,0.2416672601330847
1.1744,62.634056,0.170875,0.072071,62.507633,0.002112,0.242606,0.29373,0.283583768390947,0.32283750873359,0.2712989521705777
7.407,63.26843012799614,0.12805498690454664,-0.13779436981593562,62.19404048836513,0.13904050928265077,0.13632816855941865,1.917505,1.85126917171716,0.950497521513414,0.2712989521705777
1.1745,62.634056,0.170875,0.072071,62.860596,0.531629,0.200109,0.752373,0.726383994061219,0.575713550654034,0.16755507668581168
7.412,63.5160681944692,0.10321987948291866,0.08609954516600737,62.02347818323405,0.10674243497249547,0.20088653655014888,2.344096,2.26312456048121,1.2692217359549,0.16755507668581168
1.1747,62.634056,0.170875,0.072071,62.566681,0.687385,-0.245693,0.752373,0.726383994061219,0.816527837176154,0.45536697513932617
7.412,63.5160681944692,0.10321987948291866,0.08609954516600737,62.02347818323405,0.10674243497249547,0.20088653655014888,2.344096,2.26312456048121,1.2692217359549,0.45536697513932617
1.1750,62.634056,0.170875,0.072071,62.617222,0.215775,0.280331,0.217594,0.210077712522588,0.217084241124056,0.16490393687722463
7.407,63.26843012799614,0.12805498690454664,-0.13779436981593562,62.19404048836513,0.13904050928265077,0.13632816855941865,1.917505,1.85126917171716,0.950497521513414,0.16490393687722463
1.1751,62.634056,0.170875,0.072071,62.852226,0.225421,0.477254,0.500903,0.483600450544141,0.447873469580547,0.18289826658314537
7.55,62.650880690858955,0.13654519266420584,0.058882039320318214,63.78670046345174,0.03275433208632661,0.10033283052226505,1.917505,1.85126917171716,0.969591759766644,0.18289826658314537
1.1751,62.634056,0.170875,0.072071,62.852226,0.225421,0.477254,0.500903,0.483600450544141,0.447873469580547,0.19298564687045952
7.407,63.26843012799614,0.12805498690454664,-0.13779436981593562,62.19404048836513,0.13904050928265077,0.13632816855941865,1.917505,1.85126917171716,0.950497521513414,0.19298564687045952
1.1753,62.634056,0.170875,0.072071,62.54982,-0.262958,-0.119506,0.883185,0.852677392456877,0.680424869367345,0.17777151032849112
7.412,63.5160681944692,0.10321987948291866,0.08609954516600737,62.02347818323405,0.10674243497249547,0.20088653655014888,2.344096,2.26312456048121,1.2692217359549,0.17777151032849112
1.1755,62.634056,0.170875,0.072071,62.902405,0.353535,0.175499,0.474447,0.458058312606065,0.366509464366745,0.15224111838054125
7.55,62.650880690858955,0.13654519266420584,0.058882039320318214,63.78670046345174,0.03275433208632661,0.10033283052226505,1.917505,1.85126917171716,0.969591759766644,0.15224111838054125
1.1755,62.634056,0.170875,0.072071,62.902405,0.353535,0.175499,0.474447,0.458058312606065,0.366509464366745,0.1667454417151862
7.407,63.26843012799614,0.12805498690454664,-0.13779436981593562,62.19404048836513,0.13904050928265077,0.13632816855941865,1.917505,1.85126917171716,0.950497521513414,0.1667454417151862
1.1756,62.634056,0.170875,0.072071,62.575108,0.584603,-0.166429,0.548794,0.529837165391146,0.650960508109265,0.1943877903085898
7.55,62.650880690858955,0.13654519266420584,0.058882039320318214,63.78670046345174,0.03275433208632661,0.10033283052226505,1.917505,1.85126917171716,0.969591759766644,0.1943877903085898
1.1756,62.634056,0.170875,0.072071,62.575108,0.584603,-0.166429,0.548794,0.529837165391146,0.650960508109265,0.20023931641538806
7.407,63.26843012799614,0.12805498690454664,-0.13779436981593562,62.19404048836513,0.13904050928265077,0.13632816855941865,1.917505,1.85126917171716,0.950497521513414,0.20023931641538806
1.1756,62.634056,0.170875,0.072071,62.575108,0.584603,-0.166429,0.548794,0.529837165391146,0.650960508109265,0.39060027534912967
7.412,63.5160681944692,0.10321987948291866,0.08609954516600737,62.02347818323405,0.10674243497249547,0.20088653655014888,2.344096,2.26312456048121,1.2692217359549,0.39060027534912967
1.1759,62.634056,0.170875,0.072071,63.060875,-0.355578,0.194846,0.883185,0.852677392456877,0.872709037531595,0.296272968242171
7.412,63.5160681944692,0.10321987948291866,0.08609954516600737,62.02347818323405,0.10674243497249547,0.20088653655014888,2.344096,2.26312456048121,1.2692217359549,0.296272968242171
1.1760,62.634056,0.170875,0.072071,63.102474,-0.035897,0.192314,0.500903,0.483600450544141,0.516791055271957,0.21636602455338633
7.55,62.650880690858955,0.13654519266420584,0.058882039320318214,63.78670046345174,0.03275433208632661,0.10033283052226505,1.917505,1.85126917171716,0.969591759766644,0.21636602455338633
1.1760,62.634056,0.170875,0.072071,63.102474,-0.035897,0.192314,0.500903,0.483600450544141,0.516791055271957,0.224214493955992
7.407,63.26843012799614,0.12805498690454664,-0.13779436981593562,62.19404048836513,0.13904050928265077,0.13632816855941865,1.917505,1.85126917171716,0.950497521513414,0.224214493955992
1.1760,62.634056,0.170875,0.072071,63.102474,-0.035897,0.192314,0.500903,0.483600450544141,0.516791055271957,0.17291233022788616
7.412,63.5160681944692,0.10321987948291866,0.08609954516600737,62.02347818323405,0.10674243497249547,0.20088653655014888,2.344096,2.26312456048121,1.2692217359549,0.17291233022788616
1.1762,62.634056,0.170875,0.072071,62.642467,0.233815,-0.098083,0.176516,0.170418658159862,0.193133649012546,0.15540365213344845
7.54,62.650880690858955,0.13654519266420584,0.058882039320318214,63.5160681944692,0.10352450549339087,0.08620181826528572,1.572785,1.51845673635228,0.731850287746402,0.15540365213344845
1.1763,62.634056,0.170875,0.072071,62.79361,0.07135,-0.54122,0.690222,0.666379858326818,0.639563789955594,0.2892091715595727
7.412,63.5160681944692,0.10321987948291866,0.08609954516600737,62.02347818323405,0.10674243497249547,0.20088653655014888,2.344096,2.26312456048121,1.2692217359549,0.2892091715595727
1.1764,62.634056,0.170875,0.072071,62.541386,-0.079079,0.022045,0.428807,0.413994842108116,0.385293667185523,0.2042812136561846
7.55,62.650880690858955,0.13654519266420584,0.058882039320318214,63.78670046345174,0.03275433208632661,0.10033283052226505,1.917505,1.85126917171716,0.969591759766644,0.2042812136561846
1.1764,62.634056,0.170875,0.072071,62.541386,-0.079079,0.022045,0.428807,0.413994842108116,0.385293667185523,0.22302855333582258
7.407,63.26843012799614,0.12805498690454664,-0.13779436981593562,62.19404048836513,0.13904050928265077,0.13632816855941865,1.917505,1.85126917171716,0.950497521513414,0.22302855333582258
1.1765,62.634056,0.170875,0.072071,62.583534,0.028763,0.060222,0.217594,0.210077712522588,0.216396147230557,0.16405375984852677
7.407,63.26843012799614,0.12805498690454664,-0.13779436981593562,62.19404048836513,0.13904050928265077,0.13632816855941865,1.917505,1.85126917171716,0.950497521513414,0.16405375984852677
1.1768,62.634056,0.170875,0.072071,62.583534,0.353876,0.2139,0.41328,0.399004186840331,0.306343791819198,0.16187910117500612
7.407,63.26843012799614,0.12805498690454664,-0.13779436981593562,62.19404048836513,0.13904050928265077,0.13632816855941865,1.917505,1.85126917171716,0.950497521513414,0.16187910117500612
1.1769,62.634056,0.170875,0.072071,62.969208,0.442896,-0.218374,0.590426,0.57003108308989,0.567664940816983,0.2259042623889184
7.412,63.5160681944692,0.10321987948291866,0.08609954516600737,62.02347818323405,0.10674243497249547,0.20088653655014888,2.344096,2.26312456048121,1.2692217359549,0.2259042623889184
1.1770,62.634056,0.170875,0.072071,62.650879,-0.041304,0.073914,0.331976,0.320508647721898,0.317502984080795,0.2111755484597493
7.55,62.650880690858955,0.13654519266420584,0.058882039320318214,63.78670046345174,0.03275433208632661,0.10033283052226505,1.917505,1.85126917171716,0.969591759766644,0.2111755484597493
1.1770,62.634056,0.170875,0.072071,62.650879,-0.041304,0.073914,0.331976,0.320508647721898,0.317502984080795,0.23555645056512664
7.407,63.26843012799614,0.12805498690454664,-0.13779436981593562,62.19404048836513,0.13904050928265077,0.13632816855941865,1.917505,1.85126917171716,0.950497521513414,0.23555645056512664
1.1772,62.634056,0.170875,0.072071,62.960861,-0.060565,0.41464,0.45069,0.435121943880829,0.558841136408278,0.2982828637900552
7.55,62.650880690858955,0.13654519266420584,0.058882039320318214,63.78670046345174,0.03275433208632661,0.10033283052226505,1.917505,1.85126917171716,0.969591759766644,0.2982828637900552
1.1772,62.634056,0.170875,0.072071,62.960861,-0.060565,0.41464,0.45069,0.435121943880829,0.558841136408278,0.3065993888867018
7.407,63.26843012799614,0.12805498690454664,-0.13779436981593562,62.19404048836513,0.13904050928265077,0.13632816855941865,1.917505,1.85126917171716,0.950497521513414,0.3065993888867018
1.1772,62.634056,0.170875,0.072071,62.960861,-0.060565,0.41464,0.45069,0.435121943880829,0.558841136408278,0.2466142873454607
7.412,63.5160681944692,0.10321987948291866,0.08609954516600737,62.02347818323405,0.10674243497249547,0.20088653655014888,2.344096,2.26312456048121,1.2692217359549,0.2466142873454607
1.1773,62.634056,0.170875,0.072071,62.952515,-0.033943,0.23119,0.383753,0.370497129579311,0.437984019075583,0.3034260048151902
7.55,62.650880690858955,0.13654519266420584,0.058882039320318214,63.78670046345174,0.03275433208632661,0.10033283052226505,1.917505,1.85126917171716,0.969591759766644,0.3034260048151902
1.1773,62.634056,0.170875,0.072071,62.952515,-0.033943,0.23119,0.383753,0.370497129579311,0.437984019075583,0.3211935891826159
7.407,63.26843012799614,0.12805498690454664,-0.13779436981593562,62.19404048836513,0.13904050928265077,0.13632816855941865,1.917505,1.85126917171716,0.950497521513414,0.3211935891826159
1.1776,62.634056,0.170875,0.072071,62.74329,0.651192,-0.298205,0.752373,0.726383994061219,0.794321693166755,0.4359605772052828
7.412,63.5160681944692,0.10321987948291866,0.08609954516600737,62.02347818323405,0.10674243497249547,0.20088653655014888,2.344096,2.26312456048121,1.2692217359549,0.4359605772052828
1.1778,62.634056,0.170875,0.072071,63.002567,-0.032089,0.270603,0.445069,0.429695108480545,0.478238767723259,0.26115913977493316
7.55,62.650880690858955,0.13654519266420584,0.058882039320318214,63.78670046345174,0.03275433208632661,0.10033283052226505,1.917505,1.85126917171716,0.969591759766644,0.26115913977493316
1.1778,62.634056,0.170875,0.072071,63.002567,-0.032089,0.270603,0.445069,0.429695108480545,0.478238767723259,0.2731130546070229
7.407,63.26843012799614,0.12805498690454664,-0.13779436981593562,62.19404048836513,0.13904050928265077,0.13632816855941865,1.917505,1.85126917171716,0.950497521513414,0.2731130546070229
1.1779,62.634056,0.170875,0.072071,62.54982,0.123786,-0.175155,0.346021,0.334068495292969,0.265481889974178,0.1655062606666802
7.407,63.26843012799614,0.12805498690454664,-0.13779436981593562,62.19404048836513,0.13904050928265077,0.13632816855941865,1.917505,1.85126917171716,0.950497521513414,0.1655062606666802
1.1780,62.634056,0.170875,0.072071,62.751682,0.424804,0.200709,0.45069,0.435121943880829,0.406188304117284,0.2031024498861658
7.55,62.650880690858955,0.13654519266420584,0.058882039320318214,63.78670046345174,0.03275433208632661,0.10033283052226505,1.917505,1.85126917171716,0.969591759766644,0.2031024498861658
1.1780,62.634056,0.170875,0.072071,62.751682,0.424804,0.200709,0.45069,0.435121943880829,0.406188304117284,0.2180438329314013
7.407,63.26843012799614,0.12805498690454664,-0.13779436981593562,62.19404048836513,0.13904050928265077,0.13632816855941865,1.917505,1.85126917171716,0.950497521513414,0.2180438329314013
1.1781,62.634056,0.170875,0.072071,62.617222,0.109172,-0.488207,0.717532,0.692746496786481,0.562673618553781,0.16967136029458973
7.412,63.5160681944692,0.10321987948291866,0.08609954516600737,62.02347818323405,0.10674243497249547,0.20088653655014888,2.344096,2.26312456048121,1.2692217359549,0.16967136029458973
1.1826,86.765831,-6.928959,46.017548,86.711609,-7.209749,47.192104,0.432366,0.417430904586253,0.393100962800674,0.21210228084559646
7.377,86.71653901991426,-8.005070158690897,46.03431684995611,87.91079767346552,-6.912991100544719,46.254533173971325,2.081247,2.00935507851548,1.07019807378288,0.21210228084559646
1.1830,86.765831,-6.928959,46.017548,86.996864,-7.041697,45.730438,0.114269,0.110321838526079,0.201384866223079,0.16399482173626126
7.378,86.71653901991426,-8.005070158690897,46.03431684995611,85.98644320658008,-6.827612342111877,45.862318217789856,1.719291,1.65990202138236,0.904169613098083,0.16399482173626126
1.1838,86.765831,-6.928959,46.017548,86.879021,-6.904219,46.584698,0.12246,0.118229899149407,0.20689962960885,0.16486031024922176
7.378,86.71653901991426,-8.005070158690897,46.03431684995611,85.98644320658008,-6.827612342111877,45.862318217789856,1.719291,1.65990202138236,0.904169613098083,0.16486031024922176
1.1845,86.765831,-6.928959,46.017548,86.726402,-6.404119,46.272121,0.370812,0.358003146851135,0.379947563117786,0.22439536450835984
7.377,86.71653901991426,-8.005070158690897,46.03431684995611,87.91079767346552,-6.912991100544719,46.254533173971325,2.081247,2.00935507851548,1.07019807378288,0.22439536450835984
1.1848,86.765831,-6.928959,46.017548,86.829834,-7.261144,46.006428,0.12648,0.122111037436036,0.226082472581783,0.1854698445084193
7.378,86.71653901991426,-8.005070158690897,46.03431684995611,85.98644320658008,-6.827612342111877,45.862318217789856,1.719291,1.65990202138236,0.904169613098083,0.1854698445084193
1.1853,86.765831,-6.928959,46.017548,86.617813,-7.230602,45.592922,0.221658,0.214001330929767,0.289011306060622,0.18404352383054087
7.378,86.71653901991426,-8.005070158690897,46.03431684995611,85.98644320658008,-6.827612342111877,45.862318217789856,1.719291,1.65990202138236,0.904169613098083,0.18404352383054087
1.1854,86.765831,-6.928959,46.017548,87.168236,-6.876986,46.302402,0.176056,0.169974547808656,0.281294934058041,0.21176823624483868
7.378,86.71653901991426,-8.005070158690897,46.03431684995611,85.98644320658008,-6.827612342111877,45.862318217789856,1.719291,1.65990202138236,0.904169613098083,0.21176823624483868
1.1856,86.765831,-6.928959,46.017548,86.518898,-7.280407,45.78693,0.27349,0.264042912937868,0.308135847528346,0.15341588434362438
7.377,86.71653901991426,-8.005070158690897,46.03431684995611,87.91079767346552,-6.912991100544719,46.254533173971325,2.081247,2.00935507851548,1.07019807378288,0.15341588434362438
1.1856,86.765831,-6.928959,46.017548,86.518898,-7.280407,45.78693,0.27349,0.264042912937868,0.308135847528346,0.15979665934153003
7.378,86.71653901991426,-8.005070158690897,46.03431684995611,85.98644320658008,-6.827612342111877,45.862318217789856,1.719291,1.65990202138236,0.904169613098083,0.15979665934153003
1.1861,86.765831,-6.928959,46.017548,86.637573,-7.45829,46.00811,0.353134,0.340935792962818,0.362729641006093,0.20786955291297832
7.377,86.71653901991426,-8.005070158690897,46.03431684995611,87.91079767346552,-6.912991100544719,46.254533173971325,2.081247,2.00935507851548,1.07019807378288,0.20786955291297832
1.1863,86.765831,-6.928959,46.017548,86.696808,-7.394817,45.967346,0.345153,0.333230478369389,0.317799911879059,0.1508482815032078
7.377,86.71653901991426,-8.005070158690897,46.03431684995611,87.91079767346552,-6.912991100544719,46.254533173971325,2.081247,2.00935507851548,1.07019807378288,0.1508482815032078
1.1864,86.765831,-6.928959,46.017548,86.538696,-7.183772,45.638023,0.233721,0.225647642161511,0.277330851712458,0.1641199903468803
7.378,86.71653901991426,-8.005070158690897,46.03431684995611,85.98644320658008,-6.827612342111877,45.862318217789856,1.719291,1.65990202138236,0.904169613098083,0.1641199903468803
1.1865,86.765831,-6.928959,46.017548,86.553543,-7.063542,45.282799,0.187248,0.180779945744963,0.313961267026676,0.15928881481146084
7.19,86.7658295591843,-6.886886761145572,46.098331195293184,86.67707250086858,-8.362911619950285,46.010637201682854,1.736527,1.6765426431506,0.986908193456699,0.15928881481146084
1.1865,86.765831,-6.928959,46.017548,86.553543,-7.063542,45.282799,0.187248,0.180779945744963,0.313961267026676,0.1731366195702004
7.377,86.71653901991426,-8.005070158690897,46.03431684995611,87.91079767346552,-6.912991100544719,46.254533173971325,2.081247,2.00935507851548,1.07019807378288,0.1731366195702004
1.1865,86.765831,-6.928959,46.017548,86.553543,-7.063542,45.282799,0.187248,0.180779945744963,0.313961267026676,0.24047908971975537
7.378,86.71653901991426,-8.005070158690897,46.03431684995611,85.98644320658008,-6.827612342111877,45.862318217789856,1.719291,1.65990202138236,0.904169613098083,0.24047908971975537
1.1866,86.765831,-6.928959,46.017548,86.844597,-7.401752,46.090698,0.28343,0.273639558353066,0.314029272659344,0.15926584097445617
7.377,86.71653901991426,-8.005070158690897,46.03431684995611,87.91079767346552,-6.912991100544719,46.254533173971325,2.081247,2.00935507851548,1.07019807378288,0.15926584097445617
1.1866,86.765831,-6.928959,46.017548,86.844597,-7.401752,46.090698,0.28343,0.273639558353066,0.314029272659344,0.1564632815933243
7.378,86.71653901991426,-8.005070158690897,46.03431684995611,85.98644320658008,-6.827612342111877,45.862318217789856,1.719291,1.65990202138236,0.904169613098083,0.1564632815933243
1.1867,86.765831,-6.928959,46.017548,87.207329,-7.147621,46.097378,0.299475,0.2891303204946,0.31812294751842,0.16189197269569486
7.377,86.71653901991426,-8.005070158690897,46.03431684995611,87.91079767346552,-6.912991100544719,46.254533173971325,2.081247,2.00935507851548,1.07019807378288,0.16189197269569486
1.1868,86.765831,-6.928959,46.017548,86.780609,-6.110745,45.820366,0.538585,0.519980811966221,0.538523689593992,0.3060452093315124
7.377,86.71653901991426,-8.005070158690897,46.03431684995611,87.91079767346552,-6.912991100544719,46.254533173971325,2.081247,2.00935507851548,1.07019807378288,0.3060452093315124
1.1871,86.765831,-6.928959,46.017548,86.746117,-7.492616,46.204777,0.380731,0.367579517663343,0.365399033226937,0.20170635777161786
7.377,86.71653901991426,-8.005070158690897,46.03431684995611,87.91079767346552,-6.912991100544719,46.254533173971325,2.081247,2.00935507851548,1.07019807378288,0.20170635777161786
3.62,29.663366,-17.780882,-15.592666,27.045883,-18.129725,-15.387506,2.12885,2.05531374166434,2.00626558052373,0.4308355708189994
3.63,29.663366,-17.780882,-15.592666,26.879572,-17.577599,-14.544021,3.64538,3.51945867843595,2.19332279457869,0.4308355708189994
3.125,47.858109,-38.116409,-21.61812,48.023544,-38.743229,-24.494772,3.56593,3.44275309712433,1.35788338784508,0.6474662397558902
3.134,47.858109,-38.116409,-21.61812,46.844337,-39.818005,-22.342255,1.45508,1.40481758659415,1.17196206478861,0.6474662397558902
3.134,47.858109,-38.116409,-21.61812,46.844337,-39.818005,-22.342255,1.45508,1.40481758659415,1.17196206478861,0.61940039600665
3.140,47.858109,-38.116409,-21.61812,47.618614,-41.049709,-20.775898,3.15519,3.04620117178849,1.41247363190091,0.61940039600665
3.180,32.936481,59.465057,-0.028572,33.531048,61.778255,-1.684946,1.85569,1.7915894296306,1.07711054585521,0.16866236129450615
3.182,32.936481,59.465057,-0.028572,32.447105,60.62175,0.192366,0.359186,0.346778740453037,0.51057909665252,0.16866236129450615
3.182,32.936481,59.465057,-0.028572,32.447105,60.62175,0.192366,0.359186,0.346778740453037,0.51057909665252,0.253975519777592
3.200,32.936481,59.465057,-0.028572,33.435429,61.913399,1.551996,1.89574,1.83025599390411,1.04797943296758,0.253975519777592
3.182,32.936481,59.465057,-0.028572,32.447105,60.62175,0.192366,0.359186,0.346778740453037,0.51057909665252,0.5123108348432976
3.204,32.936481,59.465057,-0.028572,32.641399,59.011467,-1.347765,1.98729,1.91864360836702,0.661850002560288,0.5123108348432976
3.182,32.936481,59.465057,-0.028572,32.447105,60.62175,0.192366,0.359186,0.346778740453037,0.51057909665252,0.15058890117920815
3.206,32.936481,59.465057,-0.028572,34.084724,60.99276,1.408724,1.97203,1.90391073019439,1.20622241561437,0.15058890117920815
3.210,31.967999,8.018895,30.25559,30.460339,7.175619,29.245165,0.913541,0.881984813807354,1.36923806334402,0.523235717409079
3.211,31.967999,8.018895,30.25559,30.037085,6.90895,29.704403,2.50604,2.41947457508068,1.73466765938698,0.523235717409079
3.238,39.193775,-23.298607,-22.621935,39.049934,-33.36417,-23.142429,4.14175,3.99868271110613,4.61535764941263,0.292581393724005
3.253,39.193775,-23.298607,-22.621935,40.32008,-33.034077,-22.779619,5.57697,5.38432631601559,4.64376459850033,0.292581393724005
3.239,39.193775,-23.298607,-22.621935,34.923092,-32.998077,-22.503328,4.12514,3.98264646559844,5.82776293583914,0.6437870817297968
3.248,39.193775,-23.298607,-22.621935,34.223312,-32.505058,-21.907965,5.77519,5.57569925909411,6.13681401899229,0.6437870817297968
3.245,39.193775,-23.298607,-22.621935,39.381012,-22.822107,-23.428616,2.20266,2.12657414388725,0.559631086417409,0.5664063795106187
3.264,39.193775,-23.298607,-22.621935,39.121948,-21.395094,-22.684248,3.89812,3.76346835270527,1.0065735538494,0.5664063795106187
3.438,40.730438,-44.325455,36.707211,40.709415,-44.393471,36.918831,0.359186,0.346778740453037,0.0777034679965016,0.42144427852371186
3.454,40.730438,-44.325455,36.707211,40.102718,-43.61573,36.740635,2.0,1.93091457046231,0.61508236938751,0.42144427852371186
3.438,40.730438,-44.325455,36.707211,40.709415,-44.393471,36.918831,0.359186,0.346778740453037,0.0777034679965016,0.6152701669947768
3.457,40.730438,-44.325455,36.707211,40.082874,-43.851112,36.143818,2.25683,2.17887296502823,0.610682611943427,0.6152701669947768
3.454,40.730438,-44.325455,36.707211,40.102718,-43.61573,36.740635,2.0,1.93091457046231,0.61508236938751,0.6541139842358477
3.463,40.730438,-44.325455,36.707211,40.306953,-43.700146,36.567772,0.359186,0.346778740453037,0.429174346657901,0.6541139842358477
3.456,40.730438,-44.325455,36.707211,40.473846,-42.773716,37.404255,1.80737,1.74493853360823,0.768826791994311,0.29523635919516533
3.463,40.730438,-44.325455,36.707211,40.306953,-43.700146,36.567772,0.359186,0.346778740453037,0.429174346657901,0.29523635919516533
3.457,40.730438,-44.325455,36.707211,40.082874,-43.851112,36.143818,2.25683,2.17887296502823,0.610682611943427,0.18041141667355481
3.462,40.730438,-44.325455,36.707211,41.862019,-44.218002,38.174213,0.708837,0.684351845691396,1.17418417118286,0.18041141667355481
3.457,40.730438,-44.325455,36.707211,40.082874,-43.851112,36.143818,2.25683,2.17887296502823,0.610682611943427,0.9436153011579884
3.463,40.730438,-44.325455,36.707211,40.306953,-43.700146,36.567772,0.359186,0.346778740453037,0.429174346657901,0.9436153011579884
3.467,66.627518,-1.538718,3.45059,66.572609,-1.701256,4.312947,0.846612,0.817367723164118,0.751645342065952,0.2974479477293648
3.480,66.627518,-1.538718,3.45059,66.765228,-0.889762,2.203487,2.64444,2.55309386335667,1.37950885757285,0.2974479477293648
3.472,66.627518,-1.538718,3.45059,66.194679,0.258635,0.387968,3.5458,3.42331844197263,3.77598480697116,0.7810989198658786
3.486,66.627518,-1.538718,3.45059,65.99086,0.428235,0.125481,1.71328,1.65409865764083,4.17660785982174,0.7810989198658786
3.475,66.627518,-1.538718,3.45059,67.064919,-1.275448,3.165702,2.16585,2.0910356612179,0.547559195488068,0.6470775061264221
3.482,66.627518,-1.538718,3.45059,66.119904,-1.590144,3.606747,0.528997,0.510724007515425,0.435761428852314,0.6470775061264221
3.477,66.627518,-1.538718,3.45059,66.425835,-1.953219,4.207624,1.17669,1.13604393295865,0.82720151145167,0.16836215625598816
3.480,66.627518,-1.538718,3.45059,66.765228,-0.889762,2.203487,2.64444,2.55309386335667,1.37950885757285,0.16836215625598816
3.480,66.627518,-1.538718,3.45059,66.765228,-0.889762,2.203487,2.64444,2.55309386335667,1.37950885757285,0.1814144437403576
3.483,66.627518,-1.538718,3.45059,66.19622,-1.453828,4.144401,1.02168,0.986388399174966,0.71043833912021,0.1814144437403576
3.480,66.627518,-1.538718,3.45059,66.765228,-0.889762,2.203487,2.64444,2.55309386335667,1.37950885757285,0.17829860779874426
3.488,66.627518,-1.538718,3.45059,66.243164,-1.920004,4.089114,1.12141,1.08267345423107,0.776827626725239,0.17829860779874426
3.486,66.627518,-1.538718,3.45059,65.99086,0.428235,0.125481,1.71328,1.65409865764083,4.17660785982174,0.4543787397571124
3.487,66.627518,-1.538718,3.45059,66.166168,0.258545,0.387836,3.27642,3.16324355847706,3.77819138400037,0.4543787397571124
3.525,38.298019,0.294544,0.205786,34.632511,-1.360838,-1.782767,4.5914,4.43280057941032,4.33563532684716,0.545646168210599
3.530,38.298019,0.294544,0.205786,35.208408,-0.800012,-3.895722,6.70968,6.47790943756977,4.85517199135719,0.545646168210599
3.526,38.298019,0.294544,0.205786,36.818005,0.055201,-0.223113,1.48602,1.4346888349992,1.37548248784368,0.3707248516472418
3.545,38.298019,0.294544,0.205786,37.570049,-0.568221,-0.267383,2.96774,2.86522620367191,1.49799698983487,0.3707248516472418
3.528,38.298019,0.294544,0.205786,36.009312,-0.178491,-1.611046,4.07527,3.93449911078397,2.71169717750239,0.15208934293339202
3.533,38.298019,0.294544,0.205786,36.957512,0.602719,-2.995191,5.47957,5.29029077643408,3.24131255077198,0.15208934293339202
3.545,38.298019,0.294544,0.205786,37.570049,-0.568221,-0.267383,2.96774,2.86522620367191,1.49799698983487,0.3671379871499198
4.95,39.310013,-0.119867,0.399979,40.557251,-0.126699,0.32472,1.11768,1.07907229855716,1.09855513120703,0.3671379871499198
3.545,38.298019,0.294544,0.205786,37.570049,-0.568221,-0.267383,2.96774,2.86522620367191,1.49799698983487,0.2761957351252762
4.145,39.459953,-0.239451,0.339969,40.42421,-0.216462,0.383057,0.88483,0.854265569691082,0.849192923558458,0.2761957351252762
3.545,38.298019,0.294544,0.205786,37.570049,-0.568221,-0.267383,2.96774,2.86522620367191,1.49799698983487,0.17068310385621313
4.146,39.91996,-0.209517,0.309877,41.141003,-0.215513,0.28827,1.11768,1.07907229855716,1.08231103929466,0.17068310385621313
3.545,38.298019,0.294544,0.205786,37.570049,-0.568221,-0.267383,2.96774,2.86522620367191,1.49799698983487,0.2761957351252762
5.61,39.459953,-0.239451,0.339969,40.42421,-0.216462,0.383057,0.761568,0.73526137379892,0.849192923558458,0.2761957351252762
3.545,38.298019,0.294544,0.205786,37.570049,-0.568221,-0.267383,2.96774,2.86522620367191,1.49799698983487,0.18777440492561578
5.62,39.91996,-0.209517,0.309877,41.141003,-0.215513,0.28827,0.912295,0.880781854029956,1.08231103929466,0.18777440492561578
4.26,85.62999,-6.880021,44.009979,85.407852,-5.048718,44.927666,1.173564,1.13302591348501,1.35377537091856,0.31413060651377617
7.388,86.66226473133806,-8.655376198553666,45.93090575607588,85.15429599479369,-6.764933318208211,45.60107876864381,2.774996,2.67914010468731,1.5740700765611,0.31413060651377617
4.27,86.470016,-7.010156,45.370049,86.879654,-6.120996,47.56802,0.735806,0.710389263216795,1.06987525069938,0.3427279902740829
7.197,86.72147020278406,-6.952600082149929,49.03401581095122,87.91079767346552,-6.9130888310366405,46.25464083798387,2.227753,2.15080036354556,1.18312839848625,0.3427279902740829
4.27,86.470016,-7.010156,45.370049,86.879654,-6.120996,47.56802,0.735806,0.710389263216795,1.06987525069938,0.2485383821577472
7.220,86.79045710747162,-7.375172782476291,50.369302143230854,88.5001508082956,-6.999565974377453,46.934574304835365,2.731906,2.6375385502667,1.53692296325193,0.2485383821577472
4.27,86.470016,-7.010156,45.370049,86.879654,-6.120996,47.56802,0.735806,0.710389263216795,1.06987525069938,0.38905185116362834
7.341,86.81999459677196,-5.846031623531589,46.06012709048579,86.71653901991426,-8.005183481740897,46.034417186811716,2.262225,2.18408160708205,1.44467514052046,0.38905185116362834
4.27,86.470016,-7.010156,45.370049,86.879654,-6.120996,47.56802,0.735806,0.710389263216795,1.06987525069938,0.16168885605506597
7.377,86.71653901991426,-8.005070158690897,46.03431684995611,87.91079767346552,-6.912991100544719,46.254533173971325,2.081247,2.00935507851548,1.07019807378288,0.16168885605506597
4.27,86.470016,-7.010156,45.370049,86.879654,-6.120996,47.56802,0.735806,0.710389263216795,1.06987525069938,0.3403692445125455
7.388,86.66226473133806,-8.655376198553666,45.93090575607588,85.15429599479369,-6.764933318208211,45.60107876864381,2.774996,2.67914010468731,1.5740700765611,0.3403692445125455
4.28,86.750015,-6.710108,46.240025,87.279526,-6.291,49.857285,0.9314,0.899226915464297,1.30644491615119,0.764029286685938
7.220,86.79045710747162,-7.375172782476291,50.369302143230854,88.5001508082956,-6.999565974377453,46.934574304835365,2.731906,2.6375385502667,1.53692296325193,0.764029286685938
4.28,86.750015,-6.710108,46.240025,87.279526,-6.291,49.857285,0.9314,0.899226915464297,1.30644491615119,0.2884994996063399
7.240,86.72640091225273,-7.38263127534966,51.29478361952613,88.85627457640994,-7.0765063655120475,46.83697535626528,3.248986,3.13675720331403,1.9517560181401,0.2884994996063399
4.28,86.750015,-6.710108,46.240025,87.279526,-6.291,49.857285,0.9314,0.899226915464297,1.30644491615119,0.17328962602584744
7.387,86.66226473133806,-8.655376198553666,45.93090575607588,88.85627457640994,-7.076514368708542,46.83698925470898,3.167115,3.05771424991487,1.81869642534546,0.17328962602584744
4.29,86.979988,-6.069949,47.359993,87.278404,-6.311615,49.833576,0.549526,0.530543880123935,0.800176378104161,0.5990011661593421
7.197,86.72147020278406,-6.952600082149929,49.03401581095122,87.91079767346552,-6.9130888310366405,46.25464083798387,2.227753,2.15080036354556,1.18312839848625,0.5990011661593421
4.29,86.979988,-6.069949,47.359993,87.278404,-6.311615,49.833576,0.549526,0.530543880123935,0.800176378104161,0.19579623735977975
7.220,86.79045710747162,-7.375172782476291,50.369302143230854,88.5001508082956,-6.999565974377453,46.934574304835365,2.731906,2.6375385502667,1.53692296325193,0.19579623735977975
4.30,87.090019,-6.380114,45.620094,87.212265,-7.994803,46.106678,0.950028,0.917211453773583,1.05221711259345,0.5285612237983748
7.388,86.66226473133806,-8.655376198553666,45.93090575607588,85.15429599479369,-6.764933318208211,45.60107876864381,2.774996,2.67914010468731,1.5740700765611,0.5285612237983748
4.79,85.310013,-6.220155,45.670074,87.171516,-5.994797,45.503944,1.061796,1.0251186836293,1.2185176705218,0.22425330513924366
7.387,86.66226473133806,-8.655376198553666,45.93090575607588,88.85627457640994,-7.076514368708542,46.83698925470898,3.167115,3.05771424991487,1.81869642534546,0.22425330513924366
4.79,85.310013,-6.220155,45.670074,87.171516,-5.994797,45.503944,1.061796,1.0251186836293,1.2185176705218,0.43629308634876307
7.388,86.66226473133806,-8.655376198553666,45.93090575607588,85.15429599479369,-6.764933318208211,45.60107876864381,2.774996,2.67914010468731,1.5740700765611,0.43629308634876307
4.80,85.030022,-5.810035,45.76997,87.249275,-6.008614,45.565529,1.508868,1.45674760305216,1.45207014802838,0.17985371035396686
7.387,86.66226473133806,-8.655376198553666,45.93090575607588,88.85627457640994,-7.076514368708542,46.83698925470898,3.167115,3.05771424991487,1.81869642534546,0.17985371035396686
4.91,60.529984,-0.269778,0.049917,62.002789,-0.243119,-0.014012,1.052482,1.01612641447466,1.27506047555442,0.6073868806911991
7.416,63.78670046345174,0.03242080829907179,0.10035764877245335,61.68871986942695,0.16649838872390132,-0.006524398489138328,2.999064,2.89546818767449,1.7919385620168,0.6073868806911991
4.92,60.050018,-0.280042,2.2e-05,61.791084,-0.290317,-0.077282,1.294646,1.24992541249537,1.51390497518088,0.5983408236766096
7.416,63.78670046345174,0.03242080829907179,0.10035764877245335,61.68871986942695,0.16649838872390132,-0.006524398489138328,2.999064,2.89546818767449,1.7919385620168,0.5983408236766096
4.99,60.26004,-0.290121,-0.089943,61.004269,-0.255718,-0.040134,0.65198,0.629458840825008,0.652685189521668,0.21605903570164361
7.412,63.5160681944692,0.10321987948291866,0.08609954516600737,62.02347818323405,0.10674243497249547,0.20088653655014888,2.344096,2.26312456048121,1.2692217359549,0.21605903570164361
4.100,61.379997,-0.299871,-0.100025,62.451286,-0.302035,-0.06244,0.894144,0.863257838845725,0.918485312543731,0.29625671934251463
7.412,63.5160681944692,0.10321987948291866,0.08609954516600737,62.02347818323405,0.10674243497249547,0.20088653655014888,2.344096,2.26312456048121,1.2692217359549,0.29625671934251463
4.101,60.999969,-0.269999,-0.07004,62.370724,-0.274796,-0.071283,1.201506,1.16000272094894,1.1779488471334,0.38991933797529127
7.416,63.78670046345174,0.03242080829907179,0.10035764877245335,61.68871986942695,0.16649838872390132,-0.006524398489138328,2.999064,2.89546818767449,1.7919385620168,0.38991933797529127
4.102,60.36002,-0.310067,-0.0499,62.078907,-0.283174,-0.077197,1.378472,1.33085583488716,1.48727789711999,0.546083913668026
7.416,63.78670046345174,0.03242080829907179,0.10035764877245335,61.68871986942695,0.16649838872390132,-0.006524398489138328,2.999064,2.89546818767449,1.7919385620168,0.546083913668026
4.109,86.06002,-6.510134,46.07003,86.660881,-6.757248,45.880108,0.502956,0.48558253435072,0.433655844322283,0.21162516362163403
7.377,86.71653901991426,-8.005070158690897,46.03431684995611,87.91079767346552,-6.912991100544719,46.254533173971325,2.081247,2.00935507851548,1.07019807378288,0.21162516362163403
4.110,85.940002,-6.520092,45.909935,86.902222,-6.814412,46.087063,0.633352,0.611474302515722,0.653008822358796,0.25430236516428395
7.377,86.71653901991426,-8.005070158690897,46.03431684995611,87.91079767346552,-6.912991100544719,46.254533173971325,2.081247,2.00935507851548,1.07019807378288,0.25430236516428395
4.111,85.480003,-6.330004,45.91003,86.772034,-6.72852,46.01907,0.707864,0.683412455752866,0.880016846155468,0.2833893575079195
7.341,86.81999459677196,-5.846031623531589,46.06012709048579,86.71653901991426,-8.005183481740897,46.034417186811716,2.262225,2.18408160708205,1.44467514052046,0.2833893575079195
4.111,85.480003,-6.330004,45.91003,86.772034,-6.72852,46.01907,0.707864,0.683412455752866,0.880016846155468,0.18045515467232845
7.377,86.71653901991426,-8.005070158690897,46.03431684995611,87.91079767346552,-6.912991100544719,46.254533173971325,2.081247,2.00935507851548,1.07019807378288,0.18045515467232845
4.111,85.480003,-6.330004,45.91003,86.772034,-6.72852,46.01907,0.707864,0.683412455752866,0.880016846155468,0.2607414349338384
7.388,86.66226473133806,-8.655376198553666,45.93090575607588,85.15429599479369,-6.764933318208211,45.60107876864381,2.774996,2.67914010468731,1.5740700765611,0.2607414349338384
4.112,85.609985,-6.349862,45.950016,87.36837,-6.851581,46.277355,0.83826,0.809304223917867,1.18610243356276,0.2703169598893241
7.341,86.81999459677196,-5.846031623531589,46.06012709048579,86.71653901991426,-8.005183481740897,46.034417186811716,2.262225,2.18408160708205,1.44467514052046,0.2703169598893241
4.112,85.609985,-6.349862,45.950016,87.36837,-6.851581,46.277355,0.83826,0.809304223917867,1.18610243356276,0.1705573300147168
7.348,86.84459621387502,-5.494853895071373,45.90485771923463,86.67707250086858,-8.362967596418914,46.01061550923815,2.572473,2.48361279891044,1.91048458074635,0.1705573300147168
4.112,85.609985,-6.349862,45.950016,87.36837,-6.851581,46.277355,0.83826,0.809304223917867,1.18610243356276,0.28405076092308096
7.387,86.66226473133806,-8.655376198553666,45.93090575607588,88.85627457640994,-7.076514368708542,46.83698925470898,3.167115,3.05771424991487,1.81869642534546,0.28405076092308096
4.112,85.609985,-6.349862,45.950016,87.36837,-6.851581,46.277355,0.83826,0.809304223917867,1.18610243356276,0.758817865219998
7.388,86.66226473133806,-8.655376198553666,45.93090575607588,85.15429599479369,-6.764933318208211,45.60107876864381,2.774996,2.67914010468731,1.5740700765611,0.758817865219998
4.113,85.349991,-6.309961,45.84,87.219841,-6.046001,45.76025,1.061796,1.0251186836293,1.226484587438,0.2725984120498587
7.387,86.66226473133806,-8.655376198553666,45.93090575607588,88.85627457640994,-7.076514368708542,46.83698925470898,3.167115,3.05771424991487,1.81869642534546,0.2725984120498587
4.113,85.349991,-6.309961,45.84,87.219841,-6.046001,45.76025,1.061796,1.0251186836293,1.226484587438,0.4606141073205388
7.388,86.66226473133806,-8.655376198553666,45.93090575607588,85.15429599479369,-6.764933318208211,45.60107876864381,2.774996,2.67914010468731,1.5740700765611,0.4606141073205388
5.39,60.999969,-0.269999,-0.07004,62.370724,-0.274796,-0.071283,0.991625,0.957371580467343,1.1779488471334,0.18551989407450653
7.412,63.5160681944692,0.10321987948291866,0.08609954516600737,62.02347818323405,0.10674243497249547,0.20088653655014888,2.344096,2.26312456048121,1.2692217359549,0.18551989407450653
5.39,60.999969,-0.269999,-0.07004,62.370724,-0.274796,-0.071283,0.991625,0.957371580467343,1.1779488471334,0.4498972610724818
7.416,63.78670046345174,0.03242080829907179,0.10035764877245335,61.68871986942695,0.16649838872390132,-0.006524398489138328,2.999064,2.89546818767449,1.7919385620168,0.4498972610724818
5.40,60.36002,-0.310067,-0.0499,62.078907,-0.283174,-0.077197,1.412074,1.3632971305855,1.48727789711999,0.4945402637745941
7.416,63.78670046345174,0.03242080829907179,0.10035764877245335,61.68871986942695,0.16649838872390132,-0.006524398489138328,2.999064,2.89546818767449,1.7919385620168,0.4945402637745941
5.43,85.609985,-6.349862,45.950016,87.36837,-6.851581,46.277355,0.87263,0.842486990811262,1.18610243356276,0.22456836664854346
7.341,86.81999459677196,-5.846031623531589,46.06012709048579,86.71653901991426,-8.005183481740897,46.034417186811716,2.262225,2.18408160708205,1.44467514052046,0.22456836664854346
5.43,85.609985,-6.349862,45.950016,87.36837,-6.851581,46.277355,0.87263,0.842486990811262,1.18610243356276,0.1607221023321233
7.348,86.84459621387502,-5.494853895071373,45.90485771923463,86.67707250086858,-8.362967596418914,46.01061550923815,2.572473,2.48361279891044,1.91048458074635,0.1607221023321233
5.43,85.609985,-6.349862,45.950016,87.36837,-6.851581,46.277355,0.87263,0.842486990811262,1.18610243356276,0.28405076092308096
7.387,86.66226473133806,-8.655376198553666,45.93090575607588,88.85627457640994,-7.076514368708542,46.83698925470898,3.167115,3.05771424991487,1.81869642534546,0.28405076092308096
5.43,85.609985,-6.349862,45.950016,87.36837,-6.851581,46.277355,0.87263,0.842486990811262,1.18610243356276,0.743518412992842
7.388,86.66226473133806,-8.655376198553666,45.93090575607588,85.15429599479369,-6.764933318208211,45.60107876864381,2.774996,2.67914010468731,1.5740700765611,0.743518412992842
5.44,85.349991,-6.309961,45.84,87.219841,-6.046001,45.76025,0.991625,0.957371580467343,1.226484587438,0.2725984120498587
7.387,86.66226473133806,-8.655376198553666,45.93090575607588,88.85627457640994,-7.076514368708542,46.83698925470898,3.167115,3.05771424991487,1.81869642534546,0.2725984120498587
5.44,85.349991,-6.309961,45.84,87.219841,-6.046001,45.76025,0.991625,0.957371580467343,1.226484587438,0.5118334196708043
7.388,86.66226473133806,-8.655376198553666,45.93090575607588,85.15429599479369,-6.764933318208211,45.60107876864381,2.774996,2.67914010468731,1.5740700765611,0.5118334196708043
7.3,86.7658295591843,-6.886886761145572,46.098331195293184,86.72147020278406,-6.952431806549586,49.033997373122084,1.133267,1.09412088126205,0.952209368236103,0.2739456818025821
7.220,86.79045710747162,-7.375172782476291,50.369302143230854,88.5001508082956,-6.999565974377453,46.934574304835365,2.731906,2.6375385502667,1.53692296325193,0.2739456818025821
7.4,86.7658295591843,-6.886886761145572,46.098331195293184,86.79045710747162,-7.375076072416665,50.369268638287544,1.503841,1.4518942492793,1.34846878492949,0.3201757301482602
7.240,86.72640091225273,-7.38263127534966,51.29478361952613,88.85627457640994,-7.0765063655120475,46.83697535626528,3.248986,3.13675720331403,1.9517560181401,0.3201757301482602
7.5,86.7658295591843,-6.886886761145572,46.098331195293184,86.72640091225273,-7.382484873045159,51.294767360664515,1.745145,1.68486295403472,1.63119173231843,0.31671092583371085
7.240,86.72640091225273,-7.38263127534966,51.29478361952613,88.85627457640994,-7.0765063655120475,46.83697535626528,3.248986,3.13675720331403,1.9517560181401,0.31671092583371085
7.24,86.7658295591843,-6.886886761145572,46.098331195293184,88.5001508082956,-6.999465816761807,46.93454011216565,1.572785,1.51845673635228,1.14387831251439,0.1757112178384663
7.387,86.66226473133806,-8.655376198553666,45.93090575607588,88.85627457640994,-7.076514368708542,46.83698925470898,3.167115,3.05771424991487,1.81869642534546,0.1757112178384663
7.32,62.650880690858955,0.13654519266420584,0.058882039320318214,62.625639713294134,-0.23930804220040347,1.0387363679244865,0.978143,0.944355285347857,1.10825242033826,0.20302974710566468
7.412,63.5160681944692,0.10321987948291866,0.08609954516600737,62.02347818323405,0.10674243497249547,0.20088653655014888,2.344096,2.26312456048121,1.2692217359549,0.20302974710566468
7.32,62.650880690858955,0.13654519266420584,0.058882039320318214,62.625639713294134,-0.23930804220040347,1.0387363679244865,0.978143,0.944355285347857,1.10825242033826,0.300763481034647
7.416,63.78670046345174,0.03242080829907179,0.10035764877245335,61.68871986942695,0.16649838872390132,-0.006524398489138328,2.999064,2.89546818767449,1.7919385620168,0.300763481034647
7.34,62.650880690858955,0.13654519266420584,0.058882039320318214,62.692913020733926,0.01805623158557257,1.285774338419876,1.495223,1.44357393839518,1.20777138570803,0.20971802510498502
7.416,63.78670046345174,0.03242080829907179,0.10035764877245335,61.68871986942695,0.16649838872390132,-0.006524398489138328,2.999064,2.89546818767449,1.7919385620168,0.20971802510498502
7.39,62.650880690858955,0.13654519266420584,0.058882039320318214,62.692913020733926,0.39394336279507947,-1.3157001232171117,1.572785,1.51845673635228,1.38413185488479,0.22496773686390104
7.416,63.78670046345174,0.03242080829907179,0.10035764877245335,61.68871986942695,0.16649838872390132,-0.006524398489138328,2.999064,2.89546818767449,1.7919385620168,0.22496773686390104
7.43,62.650880690858955,0.13654519266420584,0.058882039320318214,62.549819377247616,0.9092526415327984,-0.05232830036527858,1.37888,1.33124974145953,1.12824011902413,0.21812697231731604
7.416,63.78670046345174,0.03242080829907179,0.10035764877245335,61.68871986942695,0.16649838872390132,-0.006524398489138328,2.999064,2.89546818767449,1.7919385620168,0.21812697231731604
7.44,62.650880690858955,0.13654519266420584,0.058882039320318214,62.7516829552152,1.1257543621893684,-0.015087479607633902,1.654656,1.59749968975144,1.42774732141551,0.1573248550961728
7.416,63.78670046345174,0.03242080829907179,0.10035764877245335,61.68871986942695,0.16649838872390132,-0.006524398489138328,2.999064,2.89546818767449,1.7919385620168,0.1573248550961728
7.48,62.650880690858955,0.13654519266420584,0.058882039320318214,62.793607836939486,-0.6012431815696773,0.18271982920661234,1.318554,1.27300756527068,1.10554592670147,0.2188288136683656
7.416,63.78670046345174,0.03242080829907179,0.10035764877245335,61.68871986942695,0.16649838872390132,-0.006524398489138328,2.999064,2.89546818767449,1.7919385620168,0.2188288136683656
7.49,62.650880690858955,0.13654519266420584,0.058882039320318214,62.60038251922951,-0.7735769781561097,0.23571948819842703,1.534004,1.48101533737373,1.35192288813507,0.27486121631540844
7.416,63.78670046345174,0.03242080829907179,0.10035764877245335,61.68871986942695,0.16649838872390132,-0.006524398489138328,2.999064,2.89546818767449,1.7919385620168,0.27486121631540844
7.56,62.650880690858955,0.13654519266420584,0.058882039320318214,63.28498750291695,0.10692351316887727,0.1648092049777894,0.642041,0.619863160867096,0.547724220647986,0.18069300329569746
7.412,63.5160681944692,0.10321987948291866,0.08609954516600737,62.02347818323405,0.10674243497249547,0.20088653655014888,2.344096,2.26312456048121,1.2692217359549,0.18069300329569746
7.155,62.625639713294134,0.12035648948244271,0.4761696236759594,62.516074417933325,0.5580197636810835,0.015984371805322084,0.952289,0.919394352695491,0.798215940290401,0.18206679421112715
7.412,63.5160681944692,0.10321987948291866,0.08609954516600737,62.02347818323405,0.10674243497249547,0.20088653655014888,2.344096,2.26312456048121,1.2692217359549,0.18206679421112715
7.158,62.625639713294134,0.12035648948244271,0.4761696236759594,63.28498750291695,0.10661094074038147,0.16477156366714318,0.598951,0.578261606446485,0.636398914792151,0.3376279648749177
7.412,63.5160681944692,0.10321987948291866,0.08609954516600737,62.02347818323405,0.10674243497249547,0.20088653655014888,2.344096,2.26312456048121,1.2692217359549,0.3376279648749177
7.177,62.625639713294134,-0.23944473055187432,1.0386475053027588,62.659290750877176,0.18301176067281322,-0.4636579538232155,1.439206,1.38949191764839,1.60861596279644,0.49442596427109536
7.416,63.78670046345174,0.03242080829907179,0.10035764877245335,61.68871986942695,0.16649838872390132,-0.006524398489138328,2.999064,2.89546818767449,1.7919385620168,0.49442596427109536
7.178,62.625639713294134,-0.23944473055187432,1.0386475053027588,62.768458263626584,0.772576138392489,0.014121422550505969,1.370262,1.32292943057541,1.81597356395443,0.6123938899741398
7.416,63.78670046345174,0.03242080829907179,0.10035764877245335,61.68871986942695,0.16649838872390132,-0.006524398489138328,2.999064,2.89546818767449,1.7919385620168,0.6123938899741398
7.180,62.625639713294134,-0.23944473055187432,1.0386475053027588,63.16063819673245,0.14096554483211676,0.13791775857820987,1.219447,1.17732399010328,1.13794718784574,0.30632161814973213
7.416,63.78670046345174,0.03242080829907179,0.10035764877245335,61.68871986942695,0.16649838872390132,-0.006524398489138328,2.999064,2.89546818767449,1.7919385620168,0.30632161814973213
7.181,62.625639713294134,-0.23944473055187432,1.0386475053027588,62.262057519931304,0.1679176953379713,-0.00668523349156569,1.150503,1.1107615030303,1.22900954633046,0.5159778628897732
7.416,63.78670046345174,0.03242080829907179,0.10035764877245335,61.68871986942695,0.16649838872390132,-0.006524398489138328,2.999064,2.89546818767449,1.7919385620168,0.5159778628897732
7.195,86.72147020278406,-6.952600082149929,49.03401581095122,86.81999459677196,-5.846014174645475,46.06013302990502,1.228065,1.1856443009874,1.08824679430831,0.2629892797669969
7.220,86.79045710747162,-7.375172782476291,50.369302143230854,88.5001508082956,-6.999565974377453,46.934574304835365,2.731906,2.6375385502667,1.53692296325193,0.2629892797669969
7.200,62.64246883189739,0.15331603614493483,1.1799271839062042,62.549819377247616,0.9092104548252267,-0.05238589926344073,1.538313,1.48517549281579,1.65281691263875,0.3218626693620197
7.416,63.78670046345174,0.03242080829907179,0.10035764877245335,61.68871986942695,0.16649838872390132,-0.006524398489138328,2.999064,2.89546818767449,1.7919385620168,0.3218626693620197
7.263,62.49919105553391,0.22395683649600873,-0.3327535686703076,62.67610547792866,-0.0362192934338923,0.1516860144102905,0.797165,0.769628756781293,0.636158030716352,0.2049407343597243
7.412,63.5160681944692,0.10321987948291866,0.08609954516600737,62.02347818323405,0.10674243497249547,0.20088653655014888,2.344096,2.26312456048121,1.2692217359549,0.2049407343597243
7.289,62.776843239021375,0.16499491098698194,-0.856471086060373,62.793607836939486,-0.6013931171411357,0.18262325854938588,1.46506,1.41445285030076,1.51803760245642,0.4447834458927374
7.416,63.78670046345174,0.03242080829907179,0.10035764877245335,61.68871986942695,0.16649838872390132,-0.006524398489138328,2.999064,2.89546818767449,1.7919385620168,0.4447834458927374
7.366,62.67610547792866,-0.03600160665973018,0.15161472608848925,63.28498750291695,0.1068632681162085,0.16473702752097807,0.64635,0.624023316309157,0.557041521272087,0.19143967237544043
7.412,63.5160681944692,0.10321987948291866,0.08609954516600737,62.02347818323405,0.10674243497249547,0.20088653655014888,2.344096,2.26312456048121,1.2692217359549,0.19143967237544043
7.379,62.793607836939486,-0.6013498919536509,0.18269033927200695,63.26843012799614,0.12829336715097783,-0.13783063587435862,1.447824,1.39781222853251,1.19047406123351,0.24189634226540235
7.416,63.78670046345174,0.03242080829907179,0.10035764877245335,61.68871986942695,0.16649838872390132,-0.006524398489138328,2.999064,2.89546818767449,1.7919385620168,0.24189634226540235
7.380,62.793607836939486,-0.6013498919536509,0.18269033927200695,62.19404048836513,0.1392751557910965,0.13629258088392326,1.521077,1.46853487104755,1.20966055214836,0.19725460379278728
7.416,63.78670046345174,0.03242080829907179,0.10035764877245335,61.68871986942695,0.16649838872390132,-0.006524398489138328,2.999064,2.89546818767449,1.7919385620168,0.19725460379278728
