Pair,L1,a1,b1,L2,a2,b2,DV,DECIEDE2000,DV normF1,DV normF3,delta_L,delta_a,delta_b,L_med,a_med,b_med,ratio_V_E,abs_diff,norm_abs_diff
1.1,36.39,4.7,-31.36,36.19,1.78,-27.55,2.7795734903218636,1.41102800881681,2.01829146030352,1.8967547029896,0.20000000000000284,2.92,3.8099999999999987,36.29,3.24,-29.455,1.9698924975151473,1.3685454815050537,0.4923580850723337
1.2,36.39,4.7,-31.36,37.75,5.31,-31.76,2.101860277234701,1.19389374797881,1.52619337573992,1.43428960585848,1.3599999999999994,0.6099999999999994,0.40000000000000213,37.07,5.005,-31.560000000000002,1.7605086541683583,0.9079665292558907,0.43198234376381517
1.3,36.39,4.7,-31.36,35.89,6.72,-34.95,2.210645394244042,1.02774172332088,1.60518393793916,1.50852354247766,0.5,2.0199999999999996,3.5900000000000034,36.14,5.71,-33.155,2.1509736755163957,1.1829036709231617,0.5350942640859758
1.4,36.39,4.7,-31.36,36.19,5.36,-30.51,3.591257457891899,0.94006822513333,2.60766778979199,2.45064017829152,0.20000000000000284,0.6600000000000001,0.8499999999999979,36.29,5.03,-30.935000000000002,3.820209382741706,2.6511892327585693,0.738234243327296
1.5,36.39,4.7,-31.36,36.79,6.06,-27.5,4.517485270468673,3.08687181224054,3.28021618255106,3.08268929113968,0.3999999999999986,1.3599999999999994,3.8599999999999994,36.59,5.38,-29.43,1.4634508796548638,1.430613458228133,0.3166835910375925
1.6,36.39,4.7,-31.36,36.5,4.25,-30.87,1.107244319014484,0.219908907456849,0.80398728853443,0.755573067946395,0.10999999999999943,0.4500000000000002,0.48999999999999844,36.445,4.475,-31.115000000000002,5.035013482556347,0.8873354115576351,0.8013908001316526
1.7,36.39,4.7,-31.36,35.84,4.17,-34.62,3.8329777621089605,2.00961275600322,2.78318465491549,2.61558783125682,0.5499999999999972,0.5300000000000002,3.259999999999998,36.115,4.4350000000000005,-32.989999999999995,1.9073215716568117,1.8233650061057403,0.4757045615174124
1.8,36.39,4.7,-31.36,36.74,3.54,-31.59,2.9138373359660172,1.05195351055683,2.11578252315334,1.98837508369124,0.3500000000000014,1.1600000000000001,0.23000000000000043,36.565,4.12,-31.475,2.7699297582587152,1.8618838254091872,0.638980015043613
1.9,36.39,4.7,-31.36,36.5,4.51,-30.44,1.3926903584217065,0.368563249234066,1.01125408862582,0.95035874958815,0.10999999999999943,0.1900000000000004,0.9199999999999982,36.445,4.605,-30.9,3.7787010982164957,1.0241271091876405,0.7353587983569396
1.10,36.39,4.7,-31.36,37.01,3.54,-29.08,1.4874000502671247,0.840007967038572,1.08002426623015,1.01498774909688,0.6199999999999974,1.1600000000000001,2.280000000000001,36.7,4.12,-30.22,1.7706975491437547,0.6473920832285528,0.4352508141148951
1.11,36.39,4.7,-31.36,36.33,4.97,-27.67,3.3406150598831137,2.15280899128402,2.42567245371135,2.27960417262898,0.060000000000002274,0.2699999999999996,3.6899999999999977,36.36,4.835,-29.515,1.5517470764272925,1.1878060685990937,0.3555650821633694
1.12,36.39,4.7,-31.36,36.52,2.59,-32.0,3.621859216951307,1.92698677574959,2.62988820205386,2.4715225296709,0.13000000000000256,2.1100000000000003,0.6400000000000006,36.455,3.645,-31.68,1.8795454440328854,1.6948724412017169,0.46795646633676063
1.13,36.39,4.7,-31.36,34.21,4.56,-25.28,5.25428035358298,3.68108080564778,3.81521453081592,3.58547129915078,2.1799999999999997,0.14000000000000057,6.079999999999998,35.3,4.63,-28.32,1.4273743581216987,1.5731995479352001,0.2994129436894239
1.14,36.39,4.7,-31.36,36.93,2.38,-29.05,2.3108392943070553,1.21442353931842,1.67793628410739,1.57689491374005,0.5399999999999991,2.3200000000000003,2.3099999999999987,36.66,3.54,-30.205,1.9028281465139885,1.0964157549886353,0.4744664664545389
1.15,36.39,4.7,-31.36,35.65,6.67,-28.06,4.545143511886962,3.29076375543387,3.30029926142501,3.10156301431292,0.740000000000002,1.9699999999999998,3.3000000000000007,36.019999999999996,5.6850000000000005,-29.71,1.3811819529738703,1.2543797564530919,0.2759824311149949
1.16,36.39,4.7,-31.36,37.31,6.96,-31.44,3.486190759687268,1.89514370567677,2.5313772293522,2.37894365568614,0.9200000000000017,2.26,0.08000000000000185,36.85,5.83,-31.4,1.8395390003433982,1.591047054010498,0.4563855403302253
1.17,36.39,4.7,-31.36,36.51,5.52,-31.23,1.3378726026321768,0.708936119786286,0.971450065746934,0.912951631201947,0.11999999999999744,0.8199999999999994,0.129999999999999,36.45,5.109999999999999,-31.295,1.8871553633750993,0.6289364828458908,0.4701019223642053
1.18,36.39,4.7,-31.36,36.44,6.82,-29.51,3.9126766160743838,2.57180409747516,2.84105523002454,2.6699735766567,0.04999999999999716,2.12,1.8499999999999979,36.415,5.76,-30.435000000000002,1.5213742828990107,1.3408725185992236,0.34269955067276453
1.19,36.39,4.7,-31.36,36.69,5.61,-30.29,1.9997785769130914,1.25436487105941,1.45207026868608,1.36463001770196,0.29999999999999716,0.9100000000000001,1.0700000000000003,36.54,5.155,-30.825,1.5942558831625002,0.7454137058536814,0.37274812026018034
1.20,36.39,4.7,-31.36,36.61,6.75,-29.25,3.7609536356030753,2.65957081641735,2.73088681894727,2.56643924777425,0.21999999999999886,2.05,2.1099999999999994,36.5,5.725,-30.305,1.4141205080807937,1.1013828191857251,0.29284668879367076
1.21,36.39,4.7,-31.36,36.3,3.6,-32.04,2.4495398402780366,1.16339796276615,1.77864890370114,1.6715428566274,0.09000000000000341,1.1,0.6799999999999997,36.345,4.15,-31.7,2.1055046652723974,1.2861418775118867,0.5250544840458067
1.22,36.39,4.7,-31.36,36.28,3.52,-29.45,1.2988266992050448,0.569863292956273,0.943098228716343,0.88630707500981,0.10999999999999943,1.1800000000000002,1.9100000000000001,36.335,4.11,-30.405,2.279189961837947,0.7289634062487718,0.5612476292131128
1.23,36.39,4.7,-31.36,35.75,4.51,-30.75,1.069015971657292,0.571453107336841,0.776229092333034,0.729486404931139,0.6400000000000006,0.1900000000000004,0.6099999999999994,36.07,4.605,-31.055,1.870697623412286,0.49756286432045105,0.46544006548717964
1.24,36.39,4.7,-31.36,35.63,4.65,-33.18,1.986853343350844,1.13791793799658,1.44268505563146,1.35580996006904,0.759999999999998,0.04999999999999982,1.8200000000000003,36.010000000000005,4.675000000000001,-32.269999999999996,1.7460427287954157,0.8489354053542639,0.4272763300663406
1.25,36.39,4.7,-31.36,35.63,3.34,-32.17,3.0076959455313816,1.55329356912338,2.18393471690554,2.05242331287965,0.759999999999998,1.3600000000000003,0.8100000000000023,36.010000000000005,4.02,-31.765,1.9363345109916836,1.4544023764080016,0.4835603073792375
1.26,36.39,4.7,-31.36,35.47,5.64,-30.76,1.856347617807345,1.2741719039284,1.34792282277961,1.26675408565112,0.9200000000000017,0.9399999999999995,0.5999999999999979,35.93,5.17,-31.060000000000002,1.4569051559111714,0.582175713878945,0.3136135215089605
1.27,36.39,4.7,-31.36,33.71,4.42,-33.11,3.7403251375786724,2.44964785602333,2.71590814631923,2.55236255552708,2.6799999999999997,0.28000000000000025,1.75,35.05,4.5600000000000005,-32.235,1.5268827831130383,1.2906772815553422,0.3450708785295069
1.28,36.39,4.7,-31.36,34.1,5.73,-30.67,3.193593237373364,2.20307708220486,2.31891762571104,2.17927786889187,2.289999999999999,1.0300000000000002,0.6899999999999977,35.245000000000005,5.215,-31.015,1.4496057635566615,0.9905161551685038,0.3101572683918309
1.29,36.39,4.7,-31.36,35.03,4.52,-30.93,1.4253874014968224,1.13616345999981,1.03499591912662,0.972670902984067,1.3599999999999994,0.1800000000000006,0.4299999999999997,35.71,4.609999999999999,-31.145,1.2545619098175351,0.28922394149701236,0.20290900634479062
1.30,36.39,4.7,-31.36,34.52,4.49,-29.65,1.8140463659497286,1.72066621704972,1.31720722703123,1.23788811072295,1.8699999999999974,0.20999999999999996,1.7100000000000009,35.455,4.595000000000001,-30.505,1.0542697630257714,0.09338014890000856,0.051476164336981545
1.31,36.39,4.7,-31.36,34.56,3.68,-32.36,3.3734249917027483,1.96061779283691,2.44949625466749,2.30199336041252,1.8299999999999983,1.02,1.0,35.475,4.19,-31.86,1.7205928673640098,1.4128071988658384,0.41880498363590823
1.32,36.39,4.7,-31.36,34.93,5.56,-30.91,1.5838528101336264,1.49908676484375,1.15006011256811,1.08080620174961,1.4600000000000009,0.8599999999999994,0.4499999999999993,35.66,5.13,-31.134999999999998,1.0565451221511961,0.08476604528987641,0.05351889057746848
1.33,36.39,4.7,-31.36,37.81,3.7,-30.47,2.3868556296057406,1.29470976639073,1.7331329257304,1.62876774362951,1.4200000000000017,1.0,0.8900000000000006,37.1,4.2,-30.915,1.8435449316305434,1.0921458632150105,0.4575667875387351
1.34,36.39,4.7,-31.36,37.86,4.31,-27.88,3.688913040808172,2.01221298761637,2.67857702458249,2.51727942600158,1.4699999999999989,0.39000000000000057,3.4800000000000004,37.125,4.505,-29.619999999999997,1.8332617181567483,1.676700053191802,0.4545241468662932
1.35,36.39,4.7,-31.36,38.03,4.69,-30.44,2.467206968683344,1.46527602764214,1.79147728032693,1.68359873863219,1.6400000000000006,0.009999999999999787,0.9199999999999982,37.21,4.695,-30.9,1.6837830691666238,1.0019309410412043,0.40609926664150026
1.36,36.39,4.7,-31.36,37.41,3.94,-32.5,2.6687518038860354,1.40843337288946,1.93782211373832,1.82113103091546,1.019999999999996,0.7600000000000002,1.1400000000000006,36.9,4.32,-31.93,1.8948370958550507,1.2603184309965754,0.4722501465625782
1.37,36.39,4.7,-31.36,37.08,5.25,-32.08,1.4059032724821652,0.624174715455716,1.0208481905943,0.959375117336605,0.6899999999999977,0.5499999999999998,0.7199999999999989,36.735,4.975,-31.72,2.2524194515045073,0.7817285570264492,0.5560329588608542
1.38,36.39,4.7,-31.36,37.85,6.28,-30.31,3.422378422885075,2.13371906187514,2.48504210085408,2.33539871947598,1.4600000000000009,1.58,1.0500000000000007,37.120000000000005,5.49,-30.835,1.6039498743913807,1.2886593610099353,0.3765391202843818
1.39,36.39,4.7,-31.36,37.25,6.09,-32.47,2.2774011348981706,0.984729303909425,1.65365631777415,1.55407702978384,0.8599999999999994,1.3899999999999997,1.1099999999999994,36.82,5.395,-31.915,2.312717945474005,1.2926718309887457,0.5676083192427743
1.40,36.39,4.7,-31.36,34.82,4.71,-32.35,2.13974399380594,1.39231307207814,1.55370133074839,1.46014109661596,1.5700000000000003,0.009999999999999787,0.990000000000002,35.605000000000004,4.705,-31.855,1.536826763448663,0.7474309217277999,0.3493085731480633
1.41,36.39,4.7,-31.36,37.66,4.25,-33.22,2.966093587369883,1.63627663488241,2.15372659821386,2.02403425593527,1.269999999999996,0.4500000000000002,1.8599999999999994,37.025,4.475,-32.29,1.8127091240720001,1.3298169524874728,0.448339512179155
1.42,36.39,4.7,-31.36,36.75,4.57,-28.23,2.8617930244255945,1.59240483816532,2.0779923402908,1.95286053661953,0.35999999999999943,0.1299999999999999,3.129999999999999,36.57,4.635,-29.795,1.797151675277275,1.2693881862602745,0.44356393875531797
1.43,36.39,4.7,-31.36,36.63,4.51,-32.0,1.4600766753454384,0.498816860166341,1.06018433948327,0.99634253600241,0.240000000000002,0.1900000000000004,0.6400000000000006,36.510000000000005,4.605,-31.68,2.927079633858938,0.9612598151790974,0.658362557769996
1.44,36.39,4.7,-31.36,36.14,4.55,-31.14,0.8783499038984887,0.219035091864491,0.637783500518856,0.599377680524095,0.25,0.15000000000000036,0.21999999999999886,36.265,4.625,-31.25,4.010087572779453,0.6593148120339977,0.7506288875959918
1.45,36.39,4.7,-31.36,36.85,5.0,-27.61,3.343834272926287,2.24083131824882,2.42800997424469,2.28180093318222,0.46000000000000085,0.2999999999999998,3.75,36.620000000000005,4.85,-29.485,1.4922293544376288,1.103002954677467,0.3298617288775903
1.46,36.39,4.7,-31.36,36.46,4.16,-32.06,1.6823125304459785,0.746113613061286,1.22155324371747,1.14799418495527,0.07000000000000028,0.54,0.7000000000000028,36.425,4.43,-31.71,2.2547672348299934,0.9361989173846925,0.5564952408575429
1.47,36.39,4.7,-31.36,36.51,4.77,-31.48,1.3941614818643162,0.105930848546823,1.01232229459948,0.951362630714416,0.11999999999999744,0.0699999999999994,0.120000000000001,36.45,4.734999999999999,-31.42,13.161052590709907,1.288230633317493,0.9240182354420039
1.48,36.39,4.7,-31.36,36.5,5.04,-32.23,1.0308549206501076,0.276292756863849,0.748519760801919,0.70344566407083,0.10999999999999943,0.33999999999999986,0.8699999999999974,36.445,4.87,-31.794999999999998,3.731024036316182,0.7545621637862586,0.731977068682388
1.49,36.39,4.7,-31.36,37.16,4.82,-31.11,1.3531944898592314,0.682599130711659,0.982575525749733,0.923407142211273,0.769999999999996,0.1200000000000001,0.25,36.775,4.76,-31.235,1.9824146076277795,0.6705953591475724,0.4955646536232701
1.50,36.39,4.7,-31.36,36.55,4.57,-31.52,1.0276465918941462,0.221480797259698,0.74619014330994,0.701256330656411,0.1599999999999966,0.1299999999999999,0.16000000000000014,36.47,4.635,-31.439999999999998,4.6398902296224165,0.8061657946344483,0.7844776601302741
1.51,36.39,4.7,-31.36,36.63,5.97,-30.24,2.319533848711325,1.54669923639581,1.68424953546439,1.58282799597226,0.240000000000002,1.2699999999999996,1.120000000000001,36.510000000000005,5.335,-30.799999999999997,1.4996670281009143,0.772834612315515,0.3331853132523577
1.52,36.39,4.7,-31.36,36.96,5.26,-30.65,1.5935708637734705,0.913741255744999,1.15711654243749,1.08743771003486,0.5700000000000003,0.5599999999999996,0.7100000000000009,36.675,4.98,-31.005,1.744006688994447,0.6798296080284715,0.4266077041544749
1.53,36.39,4.7,-31.36,36.54,5.67,-31.34,1.2758590421020883,0.779902996768913,0.926421056426043,0.870634162748943,0.14999999999999858,0.9699999999999998,0.019999999999999574,36.465,5.1850000000000005,-31.35,1.635920166677098,0.4959560453331754,0.38872322770650397
1.54,36.39,4.7,-31.36,36.58,5.58,-32.6,1.2684149321056604,0.399502085214153,0.921015772595048,0.865554372377193,0.18999999999999773,0.8799999999999999,1.240000000000002,36.485,5.140000000000001,-31.98,3.174989507878882,0.8689128468915074,0.6850383295031153
1.55,36.39,4.7,-31.36,35.87,7.41,-33.08,3.1263696177276716,1.4711255614569,2.27010551239707,2.13340510605651,0.5200000000000031,2.71,1.7199999999999989,36.129999999999995,6.055,-32.22,2.125154845726682,1.6552440562707715,0.5294460534530145
1.56,36.39,4.7,-31.36,37.38,7.74,-35.1,3.233627033197518,1.45291144086977,2.34798678645856,2.20659655325647,0.990000000000002,3.04,3.740000000000002,36.885000000000005,6.220000000000001,-33.230000000000004,2.2256188092483615,1.7807155923277478,0.5506867593249399
1.57,36.39,4.7,-31.36,37.78,7.87,-34.9,3.9878054771205758,1.72669711506252,2.89560746227317,2.72124080198629,1.3900000000000006,3.17,3.539999999999999,37.085,6.285,-33.129999999999995,2.30949912409316,2.2611083620580557,0.5670056813111405
1.58,36.39,4.7,-31.36,35.82,6.94,-35.04,2.4915475668233817,1.07911939813991,1.80915136639042,1.70020853286723,0.5700000000000003,2.24,3.6799999999999997,36.105000000000004,5.82,-33.2,2.308871074701482,1.4124281686834717,0.5668879000842718
1.59,36.39,4.7,-31.36,36.53,0.41,-31.04,5.721166380424134,3.26490645098958,4.15422772208465,3.90406991464399,0.14000000000000057,4.29,0.3200000000000003,36.46,2.555,-31.2,1.7523216865640208,2.456259929434554,0.4293285259819926
1.60,36.39,4.7,-31.36,36.75,2.26,-32.04,4.615096171323134,2.21683437959815,3.35109297304773,3.14929804827486,0.35999999999999943,2.4400000000000004,0.6799999999999997,36.57,3.48,-31.7,2.0818407598306377,2.3982617917249835,0.5196558646182563
1.61,36.39,4.7,-31.36,36.25,3.55,-32.21,2.7401042481185933,1.2809055390295,1.98963223097936,1.8698212649437,0.14000000000000057,1.1500000000000004,0.8500000000000014,36.32,4.125,-31.785,2.1391930649745543,1.4591987090890932,0.5325340120028178
1.62,36.39,4.7,-31.36,36.58,4.73,-30.55,1.0553785119190746,0.465812494953592,0.766326720923443,0.72018033100113,0.18999999999999773,0.03000000000000025,0.8099999999999987,36.485,4.715,-30.955,2.2656723919751176,0.5895660169654826,0.558629922580857
1.63,36.39,4.7,-31.36,37.31,5.69,-30.18,2.7707196570879407,1.5537524073698,2.01186255471813,1.8907129309542,0.9200000000000017,0.9900000000000002,1.1799999999999997,36.85,5.195,-30.77,1.7832439983117934,1.2169672497181407,0.4392242449234159
1.64,36.39,4.7,-31.36,36.94,3.43,-26.56,3.2158912468092296,1.84244486675205,2.33510855691926,2.19449382036319,0.5499999999999972,1.27,4.800000000000001,36.665,4.065,-28.96,1.7454477488560667,1.3734463800571795,0.42708110263144505
1.65,36.39,4.7,-31.36,36.96,4.18,-29.62,1.548969254280965,0.766572026969221,1.12473062103528,1.057001992529,0.5700000000000003,0.5200000000000005,1.7399999999999984,36.675,4.4399999999999995,-30.490000000000002,2.0206441114013076,0.782397227311744,0.5051083000158232
1.66,36.39,4.7,-31.36,35.94,4.42,-31.57,1.4415567248474217,0.490265766101595,1.04673671629046,0.983704697000127,0.45000000000000284,0.28000000000000025,0.21000000000000085,36.165,4.5600000000000005,-31.465,2.9403577030673977,0.9512909587458267,0.6599053243545505
2.1,61.96103679248142,-22.583205981793142,-20.252326875959902,60.3627859659851,-18.633480098811273,-21.506125278794563,3.34444533333333,2.82647288848116,2.42845367439659,2.28221791475618,1.5982508264963258,3.9497258829818698,1.2537984028346614,61.16191137923326,-20.60834304030221,-20.879226077377233,1.1832575312432065,0.5179724448521701,0.15487544064027015
2.2,61.96103679248142,-22.583205981793142,-20.252326875959902,60.476824270134315,-24.10418806916026,-25.261802209839068,3.9048303333333267,2.67222840620813,2.83535792213504,2.66461934722733,1.4842125223471072,1.5209820873671163,5.009475333879166,61.21893053130787,-23.3436970254767,-22.757064542899485,1.4612636864425017,1.232601927125197,0.3156608153464469
2.3,61.96103679248142,-22.583205981793142,-20.252326875959902,60.476824270134315,-22.13032984305452,-21.125008188797455,1.9815336666666716,1.4101367634716,1.43882235630691,1.35217986339857,1.4842125223471072,0.452876138738624,0.8726813128375532,61.21893053130787,-22.35676791242383,-20.68866753237868,1.405206726461871,0.5713969031950716,0.2883609360359304
2.4,61.96103679248142,-22.583205981793142,-20.252326875959902,61.88305856559414,-20.14115309500464,-24.510224875870602,3.0779511333333307,2.84530970445863,2.23494809880541,2.10036478909213,0.07797822688728218,2.4420528867885025,4.2578979999107,61.92204767903778,-21.36217953839889,-22.38127587591525,1.0817631301887405,0.23264142887470074,0.0755832106233518
2.5,61.96103679248142,-22.583205981793142,-20.252326875959902,59.09723162153614,-20.27665904635656,-22.29553189843323,3.6170276666666594,3.1263525355316,2.62637993859542,2.46822552557362,2.863805170945284,2.3065469354365824,2.0432050224733267,60.52913420700878,-21.42993251407485,-21.273929387196567,1.1569481126653163,0.49067513113505923,0.1356570024391307
2.6,62.16935506881981,-22.65583135004645,-19.605971670074673,61.840146835125054,-18.63333067201378,-19.203205477747808,3.100089799999998,2.20079273440526,2.25102332858774,2.11547200640487,0.32920823369475727,4.022500678032671,0.4027661923268653,62.00475095197243,-20.644581011030116,-19.40458857391124,1.408624151710106,0.8992970655947379,0.29008742433998236
2.7,62.16935506881981,-22.65583135004645,-19.605971670074673,62.102882322720205,-24.357379417516977,-23.017859157521503,2.758600866666667,1.66787799780718,2.00306291317089,1.88244318309189,0.06647274609960618,1.701548067470526,3.4118874874468297,62.13611869577001,-23.506605383781714,-21.31191541379809,1.6539584242010155,1.0907228688594868,0.39538988102402184
2.8,62.16935506881981,-22.65583135004645,-19.605971670074673,62.93498473104347,-24.37109145116112,-20.609860242980616,1.6691017333333382,1.08021867784174,1.21196067893557,1.13897926182763,0.7656296622236596,1.7152601011146693,1.003888572905943,62.55216989993164,-23.513461400603788,-20.107915956527645,1.5451517049520247,0.5888830554915983,0.35281435719483334
2.9,62.16935506881981,-22.65583135004645,-19.605971670074673,63.64669334371368,-20.218219709712105,-21.513803973690337,2.716399033333333,2.27817919177766,1.97241950637564,1.85364505006815,1.4773382748938673,2.437611640334346,1.9078323036156632,62.908024206266745,-21.43702552987928,-20.559887821882505,1.1923552993306796,0.43821984155567284,0.16132380994724588
2.10,62.16935506881981,-22.65583135004645,-19.605971670074673,61.249174000936094,-19.68489156841946,-18.72214365503475,2.2286565333333366,1.73686114400507,1.61826210556625,1.52081417365808,0.9201810678837177,2.970939781626992,0.8838280150399243,61.70926453487795,-21.170361459232957,-19.16405766255471,1.2831518165643752,0.4917953893282665,0.2206689912743232
2.11,62.16935506881981,-22.65583135004645,-19.605971670074673,64.3797418990293,-18.20277804538589,-17.6052599156828,4.221689999999994,3.02659963852182,3.0654346451724,2.88084139198786,2.2103868302094867,4.4530533046605605,2.0007117543918724,63.274548483924555,-20.42930469771617,-18.605615792878737,1.3948623877676103,1.1950903614781745,0.283083400532747
3.1,71.49792114179377,-19.17748504208161,19.074075385576528,71.59974351307623,-20.038714403280256,20.54412664496832,0.9269029333333333,0.78454325066138,0.67303860859753,0.632509809043619,0.1018223712824664,0.8612293611986459,1.4700512593917914,71.54883232743501,-19.608099722680933,19.809101015272425,1.1814554919317537,0.1423596826719533,0.15358639766778195
3.2,71.49792114179377,-19.17748504208161,19.074075385576528,71.38836745412809,-17.10735792796697,16.763607397807444,1.5191122666666712,1.4838390325468,1.10305099928422,1.03662786652978,0.10955368766568085,2.0701271141146407,2.3104679877690835,71.44314429796093,-18.14242148502429,17.918841391691984,1.0237716034707336,0.035273234119871155,0.023219636145819688
3.3,71.49792114179377,-19.17748504208161,19.074075385576528,71.53528351881647,-17.83922046314601,20.246486884704808,1.8783121333333384,1.19303534514297,1.36387159809125,1.28174246328352,0.03736237702270273,1.3382645789356005,1.1724114991282804,71.51660233030512,-18.50835275261381,19.660281135140668,1.5743977237605218,0.6852767881903683,0.3648364804040361
3.4,71.49792114179377,-19.17748504208161,19.074075385576528,71.30448569949397,-19.03783741414028,16.91755959490755,1.703416666666672,1.19737452125647,1.23687728520708,1.16239544876474,0.19343544229980125,0.13964762794132923,2.1565157906689763,71.40120342064387,-19.107661228110945,17.99581749024204,1.422626450625121,0.506042145410202,0.2970747879926377
3.5,71.49792114179377,-19.17748504208161,19.074075385576528,72.90966898199267,-19.47823004638588,19.220471393787307,1.366632200000004,1.07715539700271,0.992332855583468,0.932576908627455,1.411747840198899,0.30074500430427165,0.14639600821077892,72.20379506189322,-19.327857544233744,19.147273389681917,1.2687419127584094,0.28947680299729406,0.21181763665855052
3.6,71.49792114179377,-19.17748504208161,19.074075385576528,70.00603850154123,-18.731660887790213,18.768061594867458,1.0713577333333337,1.17298866356318,0.777929481347886,0.73108440052507,1.4918826402525411,0.44582415429139743,0.30601379070906987,70.7519798216675,-18.954572964935913,18.92106849022199,0.9133572776104416,0.10163093022984637,0.09486180663369881
4.1,75.92479260110264,-30.052703820357408,24.500559872062098,76.1973658572083,-32.08834474601097,25.814452131190933,1.1226917666666687,0.896616877992743,0.815203920328498,0.76611426059649,0.27257325610565886,2.03564092565356,1.313892259128835,76.06107922915547,-31.070524283184188,25.157506001626516,1.252142127781375,0.22607488867392567,0.2013686170904997
4.2,75.92479260110264,-30.052703820357408,24.500559872062098,75.11226231667685,-26.51436792518247,19.940573860874178,2.841344133333333,2.35903191026845,2.06314408309362,1.9389064064932,0.8125302844257902,3.5383358951749386,4.55998601118792,75.51852745888974,-28.28353587276994,22.22056686646814,1.2044534538769949,0.4823122230648833,0.16974790812449356
4.3,75.92479260110264,-30.052703820357408,24.500559872062098,78.8704623346897,-28.964933251021506,22.594403419019482,3.430232666666662,2.27330630172348,2.49074518934927,2.34075838141657,2.945669733587067,1.0877705693359019,1.906156453042616,77.39762746789617,-29.508818535689457,23.547481645540792,1.5089179414833602,1.1569263649431822,0.3372734379939758
4.4,75.92479260110264,-30.052703820357408,24.500559872062098,79.92469028862726,-27.867238009705474,22.234340172379486,4.455529666666657,3.0698516848945,3.23522925743369,3.0404113726786,3.999897687524623,2.185465810651934,2.266219699682612,77.92474144486495,-28.95997091503144,23.367450022220794,1.4513827124414955,1.3856779817721572,0.31100185278259657
4.5,75.92479260110264,-30.052703820357408,24.500559872062098,73.32241293307244,-27.024526580794905,18.319201261019092,3.8397979999999947,3.51631122167789,2.78813693560249,2.62024189726679,2.6023796680301956,3.0281772395625026,6.181358611043006,74.62360276708753,-28.538615200576157,21.409880566540593,1.0919960597446063,0.32348677832210493,0.08424578017850408
5.1,62.63826222751216,-17.709168790275175,0.941343521586191,62.498346696757736,-16.163477479036516,1.112529704802312,1.448268533333338,1.05780443603459,1.05161026427123,0.988284771401961,0.13991553075442198,1.5456913112386594,0.171186183216121,62.56830446213495,-16.936323134655844,1.0269366131942514,1.3691269223575586,0.3904640972987481,0.26960752653407966
5.2,62.63826222751216,-17.709168790275175,0.941343521586191,62.71727121244636,-19.90862729348808,0.6785558815726844,1.6018555333333373,1.39531963345819,1.16313216920695,1.09309108993109,0.07900898493420527,2.199458503212906,0.2627876400135065,62.67776671997926,-18.808898041881626,0.8099497015794377,1.1480204920611943,0.2065358998751472,0.12893540987209162
5.3,62.63826222751216,-17.709168790275175,0.941343521586191,62.816228734240596,-18.459232910084054,2.740723149428681,1.8539596000000045,1.37112278438205,1.34618884583898,1.26512452471718,0.1779665067284384,0.7500641198088793,1.79937962784249,62.72724548087638,-18.084200850179613,1.841033335507436,1.3521470285270014,0.48283681561795455,0.26043545682307095
5.4,62.63826222751216,-17.709168790275175,0.941343521586191,62.60627731635924,-17.290490712086935,-0.5511616644782835,1.8722240000000052,1.13663069159963,1.35945091020971,1.27758797881253,0.031984911152918016,0.41867807818823977,1.4925051860644745,62.6222697719357,-17.499829751181053,0.1950909285539537,1.6471700194176284,0.7355933084003752,0.3928981297149673
5.5,62.63826222751216,-17.709168790275175,0.941343521586191,61.07002001401921,-17.12289128699801,0.5748203762242277,1.4515893333333367,1.42288778781433,1.05402154870227,0.990550853964753,1.568242213492951,0.5862775032771665,0.3665231453619633,61.85414112076568,-17.416030038636592,0.7580819489052093,1.0201713337795408,0.02870154551900672,0.019772496835124734
5.6,62.63826222751216,-17.709168790275175,0.941343521586191,64.60780037267062,-18.562969395851226,3.8822520036573938,2.890602666666664,2.70669304100246,2.09891146930483,1.97251996496287,1.9695381451584666,0.8538006055760512,2.940908482071203,63.62303130009139,-18.1360690930632,2.4117977626217924,1.0679462435563598,0.18390962566420388,0.0636232809584509
5.7,62.63826222751216,-17.709168790275175,0.941343521586191,61.88648946177115,-18.008064101024402,-2.6229879751227037,3.7913696666666623,2.71884698603797,2.75297237122516,2.5871948601202,0.7517727657410092,0.29889531074922715,3.5643314967088946,62.26237584464165,-17.858616445649787,-0.8408222267682564,1.394477028218916,1.0725226806286923,0.2828852827977492
5.8,62.63826222751216,-17.709168790275175,0.941343521586191,60.47860342156616,-19.05978389452917,-2.943734377823537,4.414019666666662,3.49658094557401,3.20508820204566,3.0120853406437,2.1596588059459947,1.3506151042539933,3.885077899409728,61.55843282453916,-18.384476342402174,-1.001195428118673,1.2623816620037265,0.917438721092652,0.20784654128594499
5.9,62.63826222751216,-17.709168790275175,0.941343521586191,63.753176292225376,-20.622475326007194,-0.15727230727691222,2.7854439999999983,2.18831126993294,2.02255412874645,1.90076068358033,1.1149140647132185,2.913306535732019,1.0986158288631032,63.19571925986877,-19.165822058141185,0.39203560715463937,1.2728737620642439,0.5971327300670581,0.21437613890377347
6.1,61.317992512557026,-10.239668907190191,-3.6230346179332518,60.81779640389455,-11.859156635270708,-4.756551480953108,2.2881542000000024,1.58725554362395,1.66146428519781,1.56141481980223,0.5001961086624789,1.6194877280805162,1.1335168630198567,61.06789445822579,-11.04941277123045,-4.18979304944318,1.441578961717918,0.7008986563760524,0.3063161809941548
6.2,61.317992512557026,-10.239668907190191,-3.6230346179332518,60.881227608139724,-10.289121079360196,-2.4870365396456595,1.1956110000000033,1.00344291396766,0.868151707384771,0.815873656643667,0.4367649044173021,0.04945217217000497,1.1359980782875923,61.099610060348375,-10.264394993275193,-3.0550355787894556,1.1915087367361965,0.19216808603234337,0.16072793397820437
6.3,61.317992512557026,-10.239668907190191,-3.6230346179332518,56.840827238117015,-13.705434105437508,-5.643675383598157,5.1100039999999955,5.00372024379223,3.71045323047631,3.48701847753472,4.4771652744400114,3.4657651982473165,2.020640765664905,59.07940987533702,-11.972551506313849,-4.633355000765704,1.0212409467372567,0.1062837562077652,0.020799153227074995
7.1,57.81713371424662,-36.18004440918665,6.862156510557549,59.530189280706765,-40.556552727195275,9.812273314954956,2.680285333333332,2.62052368944697,1.94619678818806,1.82900140219779,1.7130555664601417,4.376508318008625,2.950116804397407,58.673661497476694,-38.368298568190966,8.337214912756252,1.0228052290098428,0.05976164388636196,0.02229674696228806
8.1,38.05872488366974,9.32885047560511,-34.40603661184893,36.461241839759595,8.25592501909697,-31.18480724823539,2.4461689333333334,1.82334051761714,1.77620123579955,1.66924258152095,1.5974830439101453,1.0729254565081394,3.221229363613542,37.25998336171467,8.79238774735104,-32.79542193004216,1.3415864499016121,0.6228284157161934,0.25461381958312534
8.2,38.05872488366974,9.32885047560511,-34.40603661184893,35.92454072852751,12.78819963352093,-39.48013083869505,3.499415999999995,2.32597298295741,2.54098028142062,2.38796843458061,2.134184155142229,3.4593491579158204,5.074094226846114,36.99163280609862,11.05852505456302,-36.94308372527199,1.5044955483730897,1.1734430170425854,0.33532538478056384
8.3,38.05872488366974,9.32885047560511,-34.40603661184893,34.32212682145642,11.332673044021247,-36.137689269960994,3.63446186666666,3.23061949098855,2.63903918185839,2.48012245902828,3.736598062213318,2.003822568416137,1.7316526581120613,36.19042585256308,10.330761759813178,-35.27186294090497,1.1250046239365479,0.40384237567811,0.11111476482139528
8.4,38.05872488366974,9.32885047560511,-34.40603661184893,38.34034117228704,8.697269734340152,-33.177730756738065,0.9872308000000007,0.450644695241709,0.716843609336844,0.67367697582847,0.28161628861730037,0.6315807412649583,1.228305855110868,38.19953302797839,9.01306010497263,-33.791883684293495,2.1907076866394246,0.5365861047582917,0.5435265028347624
8.5,38.05872488366974,9.32885047560511,-34.40603661184893,34.84472214384309,10.146539312052644,-34.18982882047001,3.0856996666666636,2.78592781995286,2.24057442962859,2.1056523155269,3.214002739826647,0.8176888364475339,0.21620779137892043,36.45172351375642,9.737694893828877,-34.29793271615947,1.1076021580527788,0.29977184671380375,0.09714874388293415
8.6,38.05872488366974,9.32885047560511,-34.40603661184893,37.32598966942573,10.282119858035871,-35.853718174024685,1.5177286000000039,0.754670557883018,1.10204629719591,1.03568366523449,0.7327352142440091,0.9532693824307614,1.4476815621757524,37.69235727654774,9.80548516682049,-35.129877392936805,2.0111140975823707,0.7630580421169859,0.5027631696564332
9.1,42.347460973351886,12.282466759583055,-26.142199243409657,42.89854116873411,9.546609726766853,-21.154710256168286,2.5801078666666672,2.59741069480568,1.87345637500235,1.76064124534182,0.5510801953822266,2.7358570328162024,4.98748898724137,42.623001071043,10.914538243174954,-23.64845474978897,0.9933384315514856,0.01730282813901285,0.006706242152061938
9.2,42.347460973351886,12.282466759583055,-26.142199243409657,41.36512936641842,12.234668232185191,-18.80603130955093,4.533014999999994,4.86534192137813,3.29149256058265,3.09328663224961,0.9823316069334638,0.04779852739786428,7.336167933858725,41.85629516988516,12.258567495884122,-22.474115276480294,0.931695052952065,0.3323269213781366,0.07331255716224731
9.3,42.347460973351886,12.282466759583055,-26.142199243409657,42.22800914433799,9.419359624696922,-27.66763799095797,4.01607713333333,2.97832886055541,2.91613595057497,2.74053311308086,0.11945182901389728,2.8631071348861337,1.5254387475483142,42.28773505884494,10.850913192139988,-26.904918617183814,1.3484330710329833,1.0377482727779204,0.25839849138011806
9.4,42.347460973351886,12.282466759583055,-26.142199243409657,40.91093185396187,12.206315888470293,-26.153814082085514,1.3325940000000047,1.29481496539305,0.967617190165281,0.909349562358837,1.4365291193900163,0.07615087111276253,0.011614838675857442,41.62919641365688,12.244391324026674,-26.148006662747584,1.0291771678483106,0.03777903460695464,0.02834999600673912
9.5,42.347460973351886,12.282466759583055,-26.142199243409657,44.001147889150154,12.454187093968727,-26.648902483101967,1.5992265666666692,1.54470741303025,1.16122323618312,1.09129710835714,1.6536869157982679,0.1717203343856717,0.5067032396923103,43.17430443125102,12.368326926775891,-26.395550863255814,1.0352941613028028,0.054519153636419126,0.0340909504248448
9.6,42.049451158986464,17.92839843558608,30.379437468797043,41.970598431503,19.30337512703362,32.85596466799618,1.4917156666666715,1.0731785910722,1.08315790272811,1.01793268538675,0.07885272748346495,1.3749766914475394,2.4765271991991398,42.01002479524473,18.615886781309847,31.617701068396613,1.389997599361648,0.4185370755944715,0.2805742975463571
9.7,42.049451158986464,17.92839843558608,30.379437468797043,42.197301402568435,16.08153689159425,26.442795612576752,2.7812929999999985,1.77673033218476,2.01954002320764,1.89792808037684,0.14785024358197063,1.8468615439918281,3.936641856220291,42.12337628077745,17.004967663590165,28.411116540686898,1.5653996265232755,1.0045626678152384,0.36118548727302496
9.8,42.049451158986464,17.92839843558608,30.379437468797043,42.23261251293526,16.60607953811638,31.46038383276052,2.1788445333333373,1.30123135159084,1.58209283910061,1.4868229352162,0.1831613539487975,1.3223188974696996,1.080946363963477,42.14103183596086,17.26723898685123,30.91991065077878,1.6744482285914104,0.8776131817424973,0.4027883439655419
9.9,42.049451158986464,17.92839843558608,30.379437468797043,41.715567419918706,20.39658118620688,28.751054543850707,2.972238999999998,2.27036747872046,2.15818887799259,2.02822782773738,0.33388373906775826,2.4681827506208016,1.6283829249463366,41.882509289452585,19.16248981089648,29.565246006323875,1.3091444563705414,0.7018715212795379,0.23614235633251432
9.10,42.049451158986464,17.92839843558608,30.379437468797043,40.67542007399565,17.66421106774138,29.44063330338167,1.3965194000000036,1.30001330161778,1.01403441546285,0.952971651692582,1.3740310849908113,0.26418736784469843,0.9388041654153731,41.362435616491055,17.79630475166373,29.910035386089355,1.0742346998972192,0.09650609838222368,0.0691047316013789
9.11,42.049451158986464,17.92839843558608,30.379437468797043,43.32292906264095,18.60435470653493,31.452962532317606,1.5692010000000047,1.26208605173014,1.13942120587707,1.07080794495777,1.2734779036544879,0.675956270948852,1.073525063520563,42.68619011081371,18.266376571060505,30.916200000557325,1.2433391499775428,0.30711494826986474,0.19571421893954286
10.1,38.0159611162851,20.09679266560005,31.906335615702442,37.60628433036639,21.546227340785318,32.71527676307703,1.8224120000000057,0.865046086005093,1.32328164374407,1.24359674037065,0.4096767859187054,1.4494346751852696,0.8089411473745862,37.811122723325745,20.821510003192685,32.31080618938974,2.1067224363842203,0.9573659139949127,0.525329021905903
10.2,38.0159611162851,20.09679266560005,31.906335615702442,37.3789976463441,18.23147986412324,30.197804827463738,2.114088933333336,1.19351085314895,1.53507279269528,1.44263432524175,0.6369634699410014,1.865312801476808,1.7085307882387042,37.697479381314594,19.164136264861646,31.05207022158309,1.7713194027387522,0.9205780801843861,0.4354490793807046
10.3,38.0159611162851,20.09679266560005,31.906335615702442,37.031619058475826,18.078543872459164,30.86577323956119,2.0847552000000036,1.42837375225015,1.51377311379644,1.42261726283122,0.9843420578092719,2.0182487931408843,1.0405623761412528,37.52379008738046,19.087668269029606,31.386054427631816,1.459530599226085,0.6563814477498535,0.3148482121234206
10.4,38.0159611162851,20.09679266560005,31.906335615702442,37.02051644765027,21.994804582913613,30.66431784316086,3.0405921333333312,1.88672807967178,2.20782114895618,2.07487136026072,0.9954446686348248,1.8980119173135641,1.2420177725415833,37.51823878196768,21.045798624256832,31.285326729431652,1.61156881295301,1.1538640536615512,0.3794866271712378
10.5,38.0159611162851,20.09679266560005,31.906335615702442,35.94575961594815,19.59083428634231,30.01301952759726,2.875935799999999,1.93536485014263,2.08826162949236,1.96251143341641,2.0702015003369496,0.5059583792577378,1.8933160881051805,36.98086036611662,19.84381347597118,30.959677571649852,1.48599154226763,0.9405709498573689,0.32704865996324417
10.6,38.0159611162851,20.09679266560005,31.906335615702442,38.53522435853118,20.355138134169863,32.66933917620618,0.9186009333333338,0.54880592212346,0.667010397519924,0.626844602636639,0.5192632422460832,0.25834546856981433,0.7630035605037371,38.27559273740814,20.225965399884956,32.28783739595431,1.6738174546390314,0.3697950112098738,0.4025632866117746
11.1,31.041182290151127,-9.102400373955627,16.46880333440133,31.0740765894704,-11.185309035207535,18.154020805094195,2.1456365333333363,1.70316545348722,1.55797999479019,1.46416210958828,0.03289429931927401,2.082908661251908,1.6852174706928658,31.057629439810764,-10.143854704581582,17.31141206974776,1.259793361637512,0.4424710798461162,0.206219027671243
11.2,31.041182290151127,-9.102400373955627,16.46880333440133,30.876016524468234,-6.8097849751692365,14.849924007580096,2.675580866666665,2.08113911895016,1.94278080239482,1.82579111902209,0.1651657656828931,2.29261539878639,1.618879326821233,30.95859940730968,-7.956092674562432,15.659363670990713,1.2856328733711666,0.5944417477165054,0.22217296995209465
11.3,31.041182290151127,-9.102400373955627,16.46880333440133,31.10223515852396,-10.485218261074236,15.55544601711233,1.8514690000000043,1.45967431191905,1.3443803825157,1.26342496279508,0.0610528683728333,1.382817887118609,0.9133573172889999,31.071708724337544,-9.793809317514931,16.01212467575683,1.2684124010495499,0.3917946880809542,0.21161288029631628
11.4,31.041182290151127,-9.102400373955627,16.46880333440133,30.99882190498063,-7.074313007541688,17.026322298574748,2.7093423333333315,1.98834027941312,1.96729552695968,1.84882962462222,0.042360385170496784,2.0280873664139385,0.5575189641734184,31.02000209756588,-8.088356690748657,16.74756281648804,1.3626150211926542,0.7210020539202115,0.26611699997579796
11.5,31.041182290151127,-9.102400373955627,16.46880333440133,28.707784913327956,-8.822274887803406,14.470971250363219,2.5159057333333332,2.15282475789719,1.82683820885144,1.71683031533958,2.3333973768231715,0.28012548615222066,1.9978320840381105,29.87448360173954,-8.962337630879517,15.469887292382275,1.168653288167373,0.36308097543614304,0.14431422071238792
11.6,31.041182290151127,-9.102400373955627,16.46880333440133,32.67875572156402,-9.952392370667502,17.14606529215459,2.06455366666667,1.48031835757611,1.49910446708297,1.40883192746837,1.6375734314128962,0.849991996711875,0.6772619577532595,31.859969005857575,-9.527396372311564,16.80743431327796,1.3946686904920402,0.5842353090905599,0.28298383240909136
11.7,31.041182290151127,-9.102400373955627,16.46880333440133,33.4162607934395,-9.416356710377855,17.548790828516648,2.5993408333333337,1.98466726954324,1.88742173018139,1.77376563972973,2.3750785032883712,0.313956336422228,1.0799874941153185,32.22872154179531,-9.25937854216674,17.008797081458987,1.3097111399543795,0.6146735637900937,0.23647286099275328
12.1,34.252172020666215,-16.196747667417355,22.824105174785693,34.045285478792174,-15.732655322675509,23.058512665529783,0.9728406666666665,0.396791493404802,0.706394710377698,0.663857284950502,0.20688654187404154,0.4640923447418466,0.23440749074408984,34.148728749729194,-15.964701495046432,22.941308920157738,2.4517679445875062,0.5760491732618644,0.5921310574356474
12.2,34.252172020666215,-16.196747667417355,22.824105174785693,32.43158396578735,-14.06978045651544,16.514420185618405,4.014139999999993,3.61051694321384,2.91472936823223,2.73921123181337,1.8205880548788684,2.126967210901915,6.3096849891672875,33.34187799322678,-15.133264061966397,19.66926268020205,1.1117909324405728,0.4036230567861532,0.10055031879446245
12.3,34.252172020666215,-16.196747667417355,22.824105174785693,32.711669021464225,-10.369669406786825,18.249737934004607,4.479051999999995,4.20284842744711,3.2523091885782,3.05646279060424,1.5405029992019905,5.827078260630531,4.574367240781086,33.48192052106522,-13.283208537102091,20.53692155439515,1.0657181852391802,0.27620357255288486,0.061665632033568604
12.4,34.252172020666215,-16.196747667417355,22.824105174785693,36.985327468034995,-18.308159903659167,25.53771765036811,3.5741339999999955,2.71216828743748,2.59523418111908,2.43895529224343,2.7331554473687802,2.1114122362418115,2.7136124755824156,35.61874974435061,-17.25245378553826,24.1809114125769,1.3178142430310276,0.8619657125625153,0.2411677100862331
